Timestamp,Application Name,CPU Usage (%),Memory Usage (MB),Response Time (ms),Request Count,Error Rate (%),Disk I/O (MB/s),Network Latency (ms),Active Sessions,Throughput (requests/sec),Alert Status
2025-03-19 08:16:41,CustomerSupport,77.8651699042493,1305.8165292437486,1156.3488803775663,3958,5.759382745603942,353.13669676774094,213.54542541096606,449,34.2553369616329,Warning
2025-03-19 08:15:41,InsurancePortal,78.95736290762318,2959.9473997182868,1580.2557843665293,1790,8.845581674003355,288.4224842441346,144.57682100407834,160,62.74514857130246,Warning
2025-03-19 08:14:41,LoanProcessing,14.193491137239826,5777.464612517369,1455.8255220163899,4571,4.137782711273498,271.47410350013666,143.07698277167998,173,47.10974748189842,Warning
2025-03-19 08:13:41,LoanProcessing,23.82065497103337,5735.719247487985,1516.979717899039,1514,0.6593627486777465,419.3144203058767,239.9611068013945,125,42.77020007575915,Warning
2025-03-19 08:12:41,CustomerSupport,27.669746755233994,5687.555814768016,1864.0991316308096,490,0.640319169973026,293.9644250326862,49.663139396956495,304,42.317293052141494,Normal
2025-03-19 08:11:41,LoanProcessing,24.212392189231124,855.4730130209994,816.236329365533,3770,1.923591438016825,302.2561932908916,29.259195477729335,214,84.06531684879018,Warning
2025-03-19 08:10:41,LoanProcessing,55.041631083445715,1842.611314712642,1847.0697284428036,3763,8.932312103491366,313.000854260115,181.4026260156194,199,42.050766472436266,Normal
2025-03-19 08:09:41,TradingSystem,10.181220879999398,1471.2824810132545,1143.120450184003,148,0.6697768612917454,432.5760701333962,168.77317517000324,324,40.53820684332442,Warning
2025-03-19 08:08:41,LoanProcessing,55.50905434887338,6948.366267170768,185.48660421681936,1481,0.5019795087947754,185.7935312472722,225.2551014688237,46,76.47372394258049,Normal
2025-03-19 08:07:41,InsurancePortal,11.479652104161042,5260.678054768465,269.0885684733047,3430,1.6494584828628156,337.4875944358431,256.6461337100262,382,87.6477951739799,Warning
2025-03-19 08:06:41,TradingSystem,48.64509699635847,6024.360346879091,238.5729727893119,772,8.942994441509402,154.3241078522693,159.11314345867356,251,21.81865836598636,Warning
2025-03-19 08:05:41,BankingApp,50.04274540728085,5288.359033720601,960.03137207548,4109,5.853113791842944,484.3361681100696,275.11015850073255,390,90.0306257009792,Critical
2025-03-19 08:04:41,TradingSystem,31.827548585259944,4824.921373149428,790.251576147996,1642,7.752360861874018,85.53774261780852,266.30592078450985,411,41.59090561126882,Normal
2025-03-19 08:03:41,BankingApp,52.037892821106,2490.0030415383476,1748.4711826831501,3171,8.139257080304752,286.6484485949032,89.74108417574975,32,87.49981513311484,Critical
2025-03-19 08:02:41,InsurancePortal,17.632953032342833,2228.5880386610943,1906.4001101927838,3132,5.973398893745814,213.19808166928013,113.17902052266274,474,9.061271375840956,Normal
2025-03-19 08:01:41,BankingApp,36.39529302124768,3772.4606158016927,1080.5721344977712,1256,5.470882736104454,225.4510496295392,149.40053160813662,61,23.73470563150828,Critical
2025-03-19 08:00:41,BankingApp,45.599986645911166,1288.5093391615721,1396.894100757101,520,8.200828449519866,186.13010058753557,159.23930747594736,88,72.65931264600759,Normal
2025-03-19 07:59:41,BankingApp,26.04928985171763,3981.8933404063773,875.9860434332248,176,1.6847087133962624,110.47895911262441,138.31313390250227,441,61.234457219155445,Warning
2025-03-19 07:58:41,InsurancePortal,88.14261921377523,7491.885002085326,707.1192180481829,1313,8.096936830391856,461.9497346113825,210.42590111437173,222,37.222467596769846,Warning
2025-03-19 07:57:41,TradingSystem,28.085907254209374,1078.280412131393,1115.01652803007,2675,4.380951661713648,293.2811465472984,205.1691285035239,88,31.581680649707103,Normal
2025-03-19 07:56:41,CustomerSupport,70.40874387317933,3611.9155188324694,1582.2975186476158,4118,0.5808989026397404,290.89879227208456,109.23219587636521,385,19.72402040101572,Critical
2025-03-19 07:55:41,BankingApp,21.815513537117877,3049.3420047700624,1241.9378792988025,2539,5.999912251714548,154.10925270275158,242.1161417650189,235,39.074981702812735,Warning
2025-03-19 07:54:41,InsurancePortal,72.2278785129433,3991.685411756636,1194.8489961008265,592,9.823524581052482,35.061686608605505,75.95113582610897,95,51.09275613585715,Critical
2025-03-19 07:53:41,LoanProcessing,32.636177617364545,875.609753884745,379.3890051883676,2629,2.3300005582093175,342.76586638400136,267.72751824194023,104,79.97605031606777,Warning
2025-03-19 07:52:41,CustomerSupport,61.85089621100987,6542.586810903203,412.79189237772135,2095,4.569139036208202,425.8807056458845,100.34190163077785,353,50.882928793936074,Normal
2025-03-19 07:51:41,InsurancePortal,27.246139545496852,993.9187159141767,1612.6289504045915,4836,5.233844798251997,200.40873433504973,161.8530848199313,421,23.246305051105843,Critical
2025-03-19 07:50:41,InsurancePortal,11.323383366424,7467.5463931083395,1574.5494136189675,2896,9.861064970983671,496.16178649124936,60.27972341799971,471,59.17604163607391,Critical
2025-03-19 07:49:41,InsurancePortal,73.91835124155085,1081.4906610547637,974.9102241662562,857,5.120265322304352,349.76358210532516,217.0470093077948,196,99.39176680476977,Normal
2025-03-19 07:48:41,BankingApp,69.09473176401357,3609.185896441639,457.17063863871704,3383,4.237048949649681,30.488278682762527,107.32016905921625,21,74.81893539261387,Normal
2025-03-19 07:47:41,BankingApp,36.72703590366075,4996.948645180692,414.14190385741523,3601,9.787942847586217,174.1432341128541,197.18595597608268,62,70.3054839901583,Critical
2025-03-19 07:46:41,CustomerSupport,54.227504577654784,1327.4865515909391,143.7698163892997,2001,5.600448552122447,317.5179421400449,182.15172166115335,368,79.55329707708736,Normal
2025-03-19 07:45:41,TradingSystem,85.06680773709951,2454.3121196834945,833.4216384191426,2786,6.146397118164993,163.73563202071648,54.651033592670956,93,20.607755956619968,Normal
2025-03-19 07:44:41,CustomerSupport,65.11537426344769,6162.597908249886,1142.1491840766473,4193,3.730212772398832,498.1674614993046,90.70504858586798,449,27.222767533327577,Warning
2025-03-19 07:43:41,InsurancePortal,75.00561958348312,1051.9395031103973,1076.6474480080801,783,9.718364055594709,293.2137868005179,226.91429432722703,219,48.375716533331065,Warning
2025-03-19 07:42:41,LoanProcessing,51.739569697712795,3385.0372989044554,959.8025589077884,1961,6.509719435365194,346.14807657320546,75.1003571555425,55,25.335073212292993,Warning
2025-03-19 07:41:41,TradingSystem,38.10399076265383,4268.43835233586,1766.2474910905935,2558,5.7396981641368106,79.14819862583558,113.51906002288351,152,45.264425142940176,Critical
2025-03-19 07:40:41,CustomerSupport,65.6315049889017,4378.596939233827,113.50476152628312,297,2.823485184292295,10.174261738617766,200.7054646675683,126,82.76335194178766,Normal
2025-03-19 07:39:41,LoanProcessing,15.131665051552696,7890.538211367809,1176.8804543122774,3301,1.6674261721727934,95.69393800881915,112.84395875076876,23,45.68768661389002,Critical
2025-03-19 07:38:41,LoanProcessing,67.18359918766832,4661.651551535205,1298.2852872362698,1286,1.8489645284084544,325.2183216026691,295.9465126874742,23,7.826748243803145,Warning
2025-03-19 07:37:41,BankingApp,44.66800041914023,3218.387948611838,856.9273804218466,526,9.73374545617472,270.12158900048706,69.9352196523515,291,55.329819206690765,Warning
2025-03-19 07:36:41,InsurancePortal,72.32422780578415,1048.6436744031116,932.7765476529072,2626,4.575624567774847,409.7335716359754,191.23555011747092,275,15.004140617810313,Critical
2025-03-19 07:35:41,InsurancePortal,57.26189000682798,7759.000790481849,540.535017255723,461,7.739142311875291,327.6577261805955,1.8251231026198274,365,89.28943883433315,Warning
2025-03-19 07:34:41,LoanProcessing,31.42309397977023,1276.2485029609716,802.3417884675052,2053,3.3714509779935953,306.32482464702724,277.2511148076024,206,42.656477920526385,Normal
2025-03-19 07:33:41,InsurancePortal,53.884754209739,1285.6904779808024,132.54551514109593,1621,0.9943360331413886,448.39794732982153,279.2190044075676,361,92.26622574502531,Normal
2025-03-19 07:32:41,BankingApp,89.95999020097742,6671.476180410809,1029.890187716605,2393,3.658288332840889,129.54263158029497,4.69292823045242,18,34.95445476828305,Warning
2025-03-19 07:31:41,CustomerSupport,73.75694328517717,6093.055134507199,1454.6765489581085,558,8.422737019857289,380.4281355890419,212.24029456314562,122,93.56035847416257,Warning
2025-03-19 07:30:41,LoanProcessing,41.22833951939687,5512.6084145174555,325.2102686430677,1990,9.409592190607896,2.9840526368872826,250.3674275087702,147,97.84092359230009,Critical
2025-03-19 07:29:41,CustomerSupport,48.85392998437463,1279.4471316642598,1942.9728227448916,1188,5.0446243909919755,339.19486736270625,282.04736580791337,16,47.812173063411194,Normal
2025-03-19 07:28:41,InsurancePortal,22.96358998137312,3792.2733786121807,1964.1711107065996,2276,7.03834567988879,175.8758581110785,230.54241901443007,82,80.69129860058062,Critical
2025-03-19 07:27:41,LoanProcessing,79.30995499700026,4928.186714335316,209.8354115056817,126,7.776934139636005,477.7103509387744,160.90091114427028,154,94.2826926083779,Critical
2025-03-19 07:26:41,InsurancePortal,33.45675117671271,3986.4399393818653,1234.556813195818,2384,9.76091150211377,209.25540543390258,234.49531034231387,405,12.843069458411751,Critical
2025-03-19 07:25:41,BankingApp,28.258208696757407,6219.598862195536,320.73654786216923,194,6.970196361928986,276.08408851810094,268.95946009515063,346,67.51807995556703,Normal
2025-03-19 07:24:41,BankingApp,46.537745651415165,3625.632799162041,1152.7686117525452,4414,2.4471471416616932,47.655164806314176,53.557525047561576,490,17.0203197927377,Critical
2025-03-19 07:23:41,BankingApp,41.4934519536302,2105.3912226834054,1224.9323299580956,3826,7.6061675901583845,478.04299133046914,4.974215489419425,233,33.9407416578413,Warning
2025-03-19 07:22:41,LoanProcessing,11.957997795008444,2964.6724354875173,823.0710505366292,556,7.987804819137185,282.3484047140416,140.17168995516903,62,14.717259563461736,Critical
2025-03-19 07:21:41,InsurancePortal,40.86618943470669,4062.902392511575,1175.5730709160634,869,1.4313200610788068,342.4844453876332,187.9178801839952,60,60.57505417607879,Warning
2025-03-19 07:20:41,BankingApp,25.019866052346565,4212.01020788875,805.3843342238863,733,4.484745780991211,94.09458168441576,201.403660059082,443,81.76675111825952,Critical
2025-03-19 07:19:41,LoanProcessing,44.88420945054804,7004.233318660221,619.436745969937,4598,9.659204896410362,7.059213504909648,40.45609961077907,296,34.112064705099,Critical
2025-03-19 07:18:41,LoanProcessing,45.5814124843583,1235.5120278551974,1377.6938002871618,4022,8.234610820614755,69.45330976042185,48.078678936370736,457,52.307978262429096,Critical
2025-03-19 07:17:41,LoanProcessing,42.789271661381385,4403.864080905134,716.2773198428968,3946,3.7464426261823416,419.8613829407553,87.95578030186311,95,37.87365140229769,Critical
2025-03-19 07:16:41,InsurancePortal,56.4945821366582,1942.2601308398448,1338.0515952606265,699,0.5799308752215504,10.557877972644512,51.43065431365292,334,25.154858609385204,Normal
2025-03-19 07:15:41,BankingApp,65.77765561586101,3911.7140168885076,694.2787253172454,3894,1.1445749478196898,417.99116283985654,13.292741842675557,314,91.77673060088804,Warning
2025-03-19 07:14:41,CustomerSupport,25.94291587662708,3916.7794102142816,1061.0608203954198,652,6.712993502145142,336.8830689717101,87.47932414272961,52,98.51365971991807,Normal
2025-03-19 07:13:41,InsurancePortal,62.46714342384657,4383.245377190261,1174.9487152776462,3728,8.252876340607838,364.6026438432997,204.2751396126145,202,28.59443846586023,Warning
2025-03-19 07:12:41,BankingApp,69.36737435080535,4312.779576973783,1972.869154008844,681,4.494736540633473,351.9724233429029,10.605403420733433,487,74.00322690801836,Critical
2025-03-19 07:11:41,TradingSystem,38.69799960161187,2184.4926354757913,1481.6094154643008,1039,3.6755259995428116,244.54195741140117,265.82219112063063,417,63.449316348381025,Critical
2025-03-19 07:10:41,TradingSystem,57.37943168477933,3787.24132542356,1412.7012742239754,3543,6.331697863354293,77.17601479882352,139.7190610571428,67,6.232035599038815,Critical
2025-03-19 07:09:41,TradingSystem,38.42042360896514,6514.235478201235,269.30148364118236,1917,7.864261740967481,267.1934320802102,43.93200159603591,81,66.52699028861562,Critical
2025-03-19 07:08:41,BankingApp,50.09406567054546,4085.29367200769,1457.1136237686403,4125,6.382560912514183,301.5634867545692,269.1951038607417,279,19.699181812709366,Critical
2025-03-19 07:07:41,LoanProcessing,33.16079773138291,5911.362316477328,939.6966832384876,2947,5.081448819948722,410.37157060845874,86.11405659758249,352,98.1471930681563,Warning
2025-03-19 07:06:41,InsurancePortal,68.87642072583185,1156.623564327033,1678.708233301137,4635,7.081461218808158,243.7132036767075,123.51293224980982,389,30.98408147736487,Normal
2025-03-19 07:05:41,BankingApp,68.51078977919045,1157.670729378891,198.41053544643745,3330,3.1605592084268572,102.97536173517948,224.86302157518148,60,69.23042404164579,Critical
2025-03-19 07:04:41,TradingSystem,14.520979683105146,6849.93291907742,1526.8647301758515,4275,4.238709613744643,242.15352130645314,98.20331470048741,13,59.837463972575925,Critical
2025-03-19 07:03:41,CustomerSupport,12.287716438420322,1674.6144499402496,1633.4530194078588,1922,9.893253408189032,14.095715527202266,44.75392039947732,121,56.76400087245237,Normal
2025-03-19 07:02:41,InsurancePortal,10.14704004498082,3322.5130385090897,973.3884596386579,1383,7.578267017646651,244.32831345012806,51.23224016493679,297,26.917781513284346,Critical
2025-03-19 07:01:41,BankingApp,23.949393973714148,1542.0514714764104,220.25579430936813,3192,6.009624573244371,479.89467833566516,244.40599571432332,299,23.348067979034145,Normal
2025-03-19 07:00:41,TradingSystem,69.99367104389094,763.9426938900926,1337.4926025583075,4605,4.85558105228542,175.61560538079343,128.90131011102073,92,23.44121277591252,Normal
2025-03-19 06:59:41,InsurancePortal,36.997894995327876,4942.063953275946,1392.3096310418039,3669,7.083847175257116,335.53181040866235,8.902372139230394,322,81.19413468167106,Warning
2025-03-19 06:58:41,TradingSystem,43.90079784728741,2081.3856238563994,525.7832241796814,928,9.51526292056544,33.08967238728687,298.27115730856866,261,64.17742883438463,Normal
2025-03-19 06:57:41,InsurancePortal,26.50428897073228,1426.3341849337762,1631.204474973302,2009,6.316419074252455,186.26868158793675,262.1214405668195,31,65.43812168363382,Critical
2025-03-19 06:56:41,InsurancePortal,13.715508102685687,624.0372312081853,541.8623304901216,1743,5.355817807053407,183.56318430284844,145.1855533144014,407,38.494623024728654,Critical
2025-03-19 06:55:41,TradingSystem,17.333987560766204,4065.21376835054,722.152430699689,3273,8.704583207222456,234.05372653780907,276.6493801305113,452,34.775335917172185,Critical
2025-03-19 06:54:41,TradingSystem,49.06996134747946,4419.215590769894,1967.258885825434,718,6.882358381858644,432.95737989437185,234.06611647899777,393,79.81636068768758,Warning
2025-03-19 06:53:41,BankingApp,11.058303156142602,4321.7686355809965,950.5902884666376,3421,1.1835997112655905,307.1407018500042,101.95504994389904,248,65.66621617111437,Critical
2025-03-19 06:52:41,InsurancePortal,49.29237414196781,6268.561367612149,727.8396704521004,3333,7.1356564849826265,143.46330564812365,147.4378938797598,16,99.32690983156903,Critical
2025-03-19 06:51:41,InsurancePortal,57.304088583001004,6540.732293779414,1411.7753313718222,3886,6.5615034875059415,237.50318759424854,278.8090083017728,325,7.028896267667,Normal
2025-03-19 06:50:41,BankingApp,13.023503468377804,4688.330334865908,386.1253296851837,3891,2.9943905469460717,484.5450393731178,84.50049505310237,395,75.49249145096694,Normal
2025-03-19 06:49:41,InsurancePortal,50.93905820686676,1242.416185102042,1641.8218700924376,3317,0.5807581842144993,204.50389458577558,82.1990721329095,130,73.2746759045207,Normal
2025-03-19 06:48:41,BankingApp,26.74820543320414,4315.410485837412,1411.231244297874,3911,3.760882591022583,119.98990074554435,159.14092543826843,476,33.57974078412008,Critical
2025-03-19 06:47:41,TradingSystem,18.273462184777458,7577.222930344738,560.8640365204594,4240,3.848321460829479,236.19835362483394,285.84615388849386,41,64.49491121898959,Critical
2025-03-19 06:46:41,TradingSystem,68.13204747685626,7994.703129425703,797.5902603846528,249,3.0195598655063227,296.72356009374926,24.9480542635474,77,7.145338045998512,Critical
2025-03-19 06:45:41,LoanProcessing,16.030566007542166,7663.00567082586,1045.1613621368738,4884,6.722363388217204,288.99025259847156,229.63336460292516,185,43.59635074854368,Warning
2025-03-19 06:44:41,TradingSystem,53.50882516863596,2441.105946503829,1386.1634541611484,3568,8.396555404603186,244.34947704581722,201.6346703714386,489,24.30650603492676,Warning
2025-03-19 06:43:41,TradingSystem,64.41408046203532,7103.068244803802,179.32156121894758,163,2.1695166046250183,476.0119987415751,57.69276858401493,294,91.53390343295837,Critical
2025-03-19 06:42:41,InsurancePortal,60.85809848808352,2502.280515782397,1965.475445047895,560,4.229419294389366,494.4663227070763,262.1271480017675,138,72.80329605953206,Critical
2025-03-19 06:41:41,CustomerSupport,22.70880583963784,2598.414760450722,89.8603111577491,716,1.945917367719937,19.54142279201098,269.5663133344649,398,77.57503538209977,Normal
2025-03-19 06:40:41,TradingSystem,76.13852745988753,4688.565346201265,1343.6380247707027,4910,9.811837774418484,353.263887790377,101.84992854748016,365,78.18551706837604,Critical
2025-03-19 06:39:41,InsurancePortal,53.06874682608108,4206.564262512784,166.1745777766773,2211,5.951920767699609,233.8961190881044,77.96230828241171,328,11.441782132245795,Warning
2025-03-19 06:38:41,InsurancePortal,62.81103335156003,7735.9409256940435,113.96469497566807,3764,7.63893418116242,155.09376872185098,191.0923986550176,410,90.50941111939885,Warning
2025-03-19 06:37:41,InsurancePortal,54.67059108389293,3109.606609238828,904.8699097352461,3613,8.678583280498449,98.83814044368116,269.65579092879165,158,35.484986094403496,Warning
2025-03-19 06:36:41,LoanProcessing,50.54911469184865,4459.566957944966,1036.3646230868485,3507,1.8391334775546597,444.12763932409155,274.8577534581556,115,75.59607611619576,Normal
2025-03-19 06:35:41,TradingSystem,54.224231873907755,5166.945049644957,280.8787356909887,1398,7.271320799341192,460.37530687951477,233.399632557541,478,50.694101829932414,Normal
2025-03-19 06:34:41,BankingApp,27.404662928781036,3225.7403988214223,822.2960881282534,3636,6.3945863840704344,136.63472684727373,22.145359211485665,494,6.337465378002216,Critical
2025-03-19 06:33:41,CustomerSupport,89.93533625686312,2236.740100986487,1657.5287344427932,1700,9.949918917445256,400.9458952662476,16.26856552832892,357,20.534473275330733,Normal
2025-03-19 06:32:41,LoanProcessing,38.84125337333218,7080.30598062201,312.82870170195065,3597,5.665033019677662,228.0227709796711,86.0222474593802,196,95.87747517755832,Normal
2025-03-19 06:31:41,TradingSystem,47.632341410323136,4365.489927357172,1488.6357394768386,1553,1.079487266553485,358.4717837315054,232.4102454608189,176,80.13357827563117,Normal
2025-03-19 06:30:41,BankingApp,53.07000653264349,3356.6967256446637,534.5621815345303,4007,2.2095202251775503,465.2248579380352,143.9654434875586,325,64.8633180582301,Critical
2025-03-19 06:29:41,LoanProcessing,17.45564432283553,2271.8021808646145,1558.0893444960236,170,5.637229093369443,435.5534538162339,6.4070851274612695,306,38.14369983930453,Critical
2025-03-19 06:28:41,LoanProcessing,42.7427418192005,4006.6961060274452,256.6711752476482,1147,1.1451790008461227,141.6427130116946,120.8998623973795,99,26.336006642549698,Critical
2025-03-19 06:27:41,LoanProcessing,74.52367791935981,5821.107636396858,1110.7266007138662,2677,7.877741370241279,292.9370818280113,10.38967186974254,281,74.66413298018293,Normal
2025-03-19 06:26:41,InsurancePortal,59.930919685236134,6014.389200823777,262.95512642004263,3452,2.145113127359716,19.685183741838056,222.754068480633,336,23.701502037267765,Normal
2025-03-19 06:25:41,InsurancePortal,27.723028765866246,2103.989722173109,572.0970875092603,4250,0.12776361533424319,359.45451324123593,178.22166759590394,297,17.491474595208366,Normal
2025-03-19 06:24:41,InsurancePortal,22.994135395380788,6026.781343831318,824.9779594292754,666,8.254118259322315,467.94968895225423,29.919572289479245,149,98.4813045835096,Warning
2025-03-19 06:23:41,LoanProcessing,15.411699133483161,4229.624962970207,739.4911522078504,2788,7.131670557904616,3.4120603080831056,48.45466461868014,65,25.39010395791967,Warning
2025-03-19 06:22:41,TradingSystem,75.31547720006144,6704.618084291979,766.6763102964023,4403,8.167952408663977,217.6101258261379,287.8766292800885,227,82.11821956813571,Warning
2025-03-19 06:21:41,BankingApp,21.85008577361497,6061.481040877178,715.9542303873963,3560,7.198290267024618,70.63592270881814,203.8501390954834,19,20.34022735623107,Warning
2025-03-19 06:20:41,CustomerSupport,81.75051958519089,2294.0128334801984,394.4328125989345,3354,9.975747705572843,93.18003130113372,285.6129390757443,322,61.796348740302825,Critical
2025-03-19 06:19:41,TradingSystem,31.086684639075468,1595.8568350522833,1170.150286756775,1476,3.65937853592756,228.24794134236063,192.65631354832755,77,59.94503037565686,Critical
2025-03-19 06:18:41,TradingSystem,87.3907594521449,6147.484018767598,1551.8413469306984,3486,9.644405811735927,248.92837000385896,242.54224374454665,311,13.227839000364858,Critical
2025-03-19 06:17:41,BankingApp,45.04158137557039,3609.976480578338,531.8771541871865,3404,6.226951439981537,283.6580713408024,199.72217365035976,152,21.178336255618014,Warning
2025-03-19 06:16:41,TradingSystem,52.918476157895505,7420.7360825459755,720.6837771942585,1732,5.55752971194743,275.31981302357525,48.83427935935228,174,57.03588266806628,Critical
2025-03-19 06:15:41,InsurancePortal,51.97872387854037,1580.9992308815677,411.2624251206829,388,5.768532338213257,137.72429308633534,298.4168150526712,95,35.2517862159511,Normal
2025-03-19 06:14:41,BankingApp,12.179659403621654,3041.874101978336,1863.2291356641238,702,4.580753054081217,299.2753785062032,234.05153382073593,472,50.466426161242225,Warning
2025-03-19 06:13:41,LoanProcessing,86.04822681778002,5075.553261463219,746.7221471610118,4157,9.895897780701587,258.8489628815228,137.0487998844466,121,36.81943130420889,Normal
2025-03-19 06:12:41,TradingSystem,15.36565965046945,7033.470496831231,769.8581043051256,847,2.391286625400882,31.789168536296206,126.75564612615196,46,82.9473092684644,Warning
2025-03-19 06:11:41,BankingApp,41.10331499621353,6917.02934622498,1951.4593161728164,286,5.912317741568309,9.638013208250868,135.4789830954887,269,20.577228074290996,Normal
2025-03-19 06:10:41,BankingApp,60.42829565287615,2446.113249474959,1257.1026872650125,1447,2.5569747493611663,480.5788388069151,76.75273351399449,253,73.60239537638434,Warning
2025-03-19 06:09:41,CustomerSupport,23.17223512200143,4732.557665172604,1546.1462596861845,2454,7.0763495604274675,204.56681512923626,197.67321330426694,367,66.13088897069274,Normal
2025-03-19 06:08:41,BankingApp,14.94822256687148,1184.0693335340736,134.53100545204785,2100,5.260497310049553,415.9570302001663,150.86590734844316,310,66.89740524632828,Normal
2025-03-19 06:07:41,LoanProcessing,32.86553255321127,987.6827299808604,1412.8597297196318,691,5.7547800103338265,264.6410162869837,151.30743760148914,379,38.392366699814204,Normal
2025-03-19 06:06:41,BankingApp,80.47656112087965,2931.9104693272097,540.6647855723104,115,8.582166667811526,209.1952457472828,242.42074288191705,36,55.239597168582,Critical
2025-03-19 06:05:41,InsurancePortal,56.48538079941267,1702.0734458083944,1216.3099647990916,2041,5.222463650863504,416.0357591197692,58.26321868895173,105,29.05465481340627,Normal
2025-03-19 06:04:41,CustomerSupport,87.3338028603633,3029.050862444589,76.2878516979322,3230,1.7941823573286175,448.1227788049846,84.68543554485507,92,90.4889892444446,Normal
2025-03-19 06:03:41,InsurancePortal,83.69700164468415,3973.734443035668,1546.8143380948718,1025,2.0671728095352027,458.123401401867,56.04791277182413,96,34.016570973475595,Normal
2025-03-19 06:02:41,BankingApp,42.16290694313676,2307.884595523459,255.96593435086513,3160,2.7974776138120627,322.6146196604983,175.5984194114886,428,21.328801143675896,Critical
2025-03-19 06:01:41,TradingSystem,14.024552083095188,7032.609851819877,1612.8327565911306,4369,8.266037205955133,95.916438098893,297.0294392905506,172,74.50130418247973,Normal
2025-03-19 06:00:41,CustomerSupport,47.44395461159036,1238.7644264231453,1052.6798381735305,709,2.457697364391822,200.39484151606152,285.78115987854653,82,93.67010405309034,Critical
2025-03-19 05:59:41,BankingApp,49.59824049403817,2252.8366876638033,1182.2126479896037,1229,9.23888246449454,136.5267226362001,31.098254495056356,54,53.55165309381064,Normal
2025-03-19 05:58:41,BankingApp,51.39192015041046,6062.422995447927,468.84334266340386,934,5.871432457863221,183.31307014977756,2.482620099105317,474,15.010111799117473,Warning
2025-03-19 05:57:41,InsurancePortal,31.036861504977324,3091.640865420757,1671.102623514302,3351,6.715239662995856,216.42530209882725,150.05657676412744,296,7.9424368809297246,Normal
2025-03-19 05:56:41,LoanProcessing,80.9598879382972,4584.702203891484,776.7109431870883,628,9.117546741487558,54.495168496242584,291.93127168190733,66,10.801714467746866,Warning
2025-03-19 05:55:41,LoanProcessing,37.0604719028971,6065.925836422775,122.44299078806858,3150,5.407857152362096,223.7412584726016,128.24930541487277,201,83.19319207780423,Critical
2025-03-19 05:54:41,TradingSystem,14.518622262034313,624.0329336781734,1841.6688791313634,1266,3.3861037312027564,330.13260939269344,261.0297063315791,434,45.14001881866885,Warning
2025-03-19 05:53:41,LoanProcessing,34.94832975509812,6461.725327292706,1315.9757626371113,4471,2.8101012014860194,438.41913221340775,93.34701383979022,440,36.25024164974077,Warning
2025-03-19 05:52:41,BankingApp,75.76277302955286,7790.036661009768,1672.0095058983536,1678,3.61184784416273,411.6556368390243,181.25861077592458,386,57.38020965738378,Normal
2025-03-19 05:51:41,TradingSystem,78.67222019328942,4735.659470068142,1917.7081253959122,1460,8.674797004921468,232.44398067855766,101.67546932418189,94,5.594850455195506,Normal
2025-03-19 05:50:41,InsurancePortal,33.77919012658203,6367.611916616681,1346.8171920698278,3341,3.2471206553622647,240.40918912420628,106.64699964764725,449,53.23905801205478,Normal
2025-03-19 05:49:41,InsurancePortal,79.17631975084197,3321.0903908823166,1171.7646639234026,3057,4.317387088248934,383.9238189194489,224.9404236171735,194,22.067666269182997,Warning
2025-03-19 05:48:41,TradingSystem,83.72791147985515,5451.685523627502,1596.5429417302762,429,1.7730538291690223,426.57903120182516,195.5404704065173,315,40.69334230691727,Critical
2025-03-19 05:47:41,CustomerSupport,53.01254065275529,6450.726337592045,1754.9399475196435,2078,4.334605844559295,216.81483553542276,110.20170765712685,184,42.85272300129048,Normal
2025-03-19 05:46:41,InsurancePortal,75.30820403815018,7119.497996863623,1391.1678345081657,2075,9.421218865898057,332.44196924148486,273.80667842613786,450,44.58356101916918,Critical
2025-03-19 05:45:41,TradingSystem,69.64959193198723,644.5647184462171,886.9623632348223,3925,6.40884298223671,289.88691721895515,92.92044120922857,230,83.06665481925475,Critical
2025-03-19 05:44:41,TradingSystem,62.100817511157736,3321.684503294807,773.3623052672459,2154,6.952019368359785,203.52624544373145,180.77903685221509,344,54.29456214714635,Normal
2025-03-19 05:43:41,TradingSystem,86.55640332709056,6189.970151596901,1983.1809433850556,2468,4.866172243521305,102.00534828913368,119.33979598344726,164,58.545205059385204,Critical
2025-03-19 05:42:41,BankingApp,39.25894358571408,5338.449416257965,298.3210758008049,770,8.79436156609821,236.56606527460087,57.77171690111996,222,14.889185434394339,Critical
2025-03-19 05:41:41,InsurancePortal,70.50986325317638,7815.865402922133,1131.3508277374672,4347,0.9186565910647604,303.2273275071936,122.73365910181668,29,49.701820989413555,Critical
2025-03-19 05:40:41,BankingApp,78.29083504837226,6218.666335000232,1467.6126728309107,2132,8.159845144413726,360.8378354632289,86.73251966365072,469,99.86902176863454,Critical
2025-03-19 05:39:41,CustomerSupport,83.29989787112125,7592.983930556123,1973.7871600247847,3184,5.4173970347586495,146.43094675596578,184.00723904017732,424,34.41160684975276,Normal
2025-03-19 05:38:41,InsurancePortal,67.85642458255226,2732.189099520363,1478.6368861444198,175,8.771350677084145,8.568357134076964,243.36935718184583,131,33.67420562923907,Normal
2025-03-19 05:37:41,TradingSystem,38.25863210091737,1589.790528494139,286.46502364046194,2170,2.496060519882848,207.72231030365376,157.00037752932636,307,52.24562699969632,Normal
2025-03-19 05:36:41,LoanProcessing,66.89601347403652,7428.36388929337,955.8431521267005,4037,7.619644453532839,335.3534884940689,40.11291826256407,88,34.106188098245795,Critical
2025-03-19 05:35:41,InsurancePortal,12.351475544819586,6899.26491699737,464.3473880961243,4704,9.092760109673529,251.94795719719733,265.92432807105564,351,63.86251643825755,Normal
2025-03-19 05:34:41,InsurancePortal,67.89321677265619,7620.447259497794,352.22864541354954,2976,5.744285314085168,135.13629862021847,215.23551901371496,484,26.70747097542236,Critical
2025-03-19 05:33:41,InsurancePortal,22.556224610082314,2879.732357979066,533.2586102531202,3645,3.4468693131495565,442.4340988019677,49.03369805954042,274,21.527523761941744,Normal
2025-03-19 05:32:41,CustomerSupport,23.359754296798805,3549.6599985395937,1840.9640111324568,921,2.5239762270951314,2.3154796342533768,173.81895920235488,286,30.303148087474973,Critical
2025-03-19 05:31:41,TradingSystem,51.11152717580312,2502.7346950900715,1485.1548429273098,2345,4.859992150810096,426.5478601394111,54.1662931559416,205,34.6234255582134,Critical
2025-03-19 05:30:41,LoanProcessing,46.56009230255517,2260.3167440910233,1481.3641795604756,1366,6.2174679394299694,442.0823009427755,281.0971647065112,30,93.90248778914639,Warning
2025-03-19 05:29:41,TradingSystem,41.453346190922986,7985.6297728161535,575.0575142323547,4520,3.484078408502663,239.8292822619137,241.22790570308453,222,67.04067763692771,Critical
2025-03-19 05:28:41,TradingSystem,64.4669824345217,6904.932567337997,1725.1097956682543,3790,9.747937527949691,37.90457857572022,102.42417831870064,131,11.591161834067924,Warning
2025-03-19 05:27:41,TradingSystem,11.911476397759033,6414.2464550096865,1382.6304279671808,243,0.17629709024167828,415.11563559334155,88.02810172015532,66,98.8208981604874,Normal
2025-03-19 05:26:41,CustomerSupport,42.3490456845061,3109.8228927534888,685.3924962135417,993,8.830650952618686,445.21105067694293,100.46794547637786,231,11.255583809818706,Normal
2025-03-19 05:25:41,CustomerSupport,42.34064795215217,6931.860245548903,1590.2953899224199,4685,6.710041601058246,114.24757286148579,170.54145389541856,418,34.36728914618299,Critical
2025-03-19 05:24:41,BankingApp,39.486319909088664,4285.173009193788,679.0800324934302,1566,8.777205783065561,10.08558989049404,271.7805274505444,403,24.322624147639626,Normal
2025-03-19 05:23:41,LoanProcessing,14.068164152250713,7754.568845127772,596.7571290710581,2664,0.43791258081889883,131.65453363697944,241.70384311548463,125,89.34413830766246,Critical
2025-03-19 05:22:41,CustomerSupport,55.44811222650221,6161.303713086436,1744.1733584784554,904,2.104998510161807,60.32550810884865,241.1180160547121,437,78.22762853441084,Normal
2025-03-19 05:21:41,LoanProcessing,42.21552839986418,5598.820361810164,1270.6944461322,301,7.401076400938492,366.12588431660305,141.29521468332828,110,34.126719580433715,Critical
2025-03-19 05:20:41,CustomerSupport,21.62544607813901,4172.697749482605,295.5425787800558,1177,0.7989004932670618,397.6285541300532,52.85035562751813,382,14.519959753001865,Warning
2025-03-19 05:19:41,CustomerSupport,18.971845419174834,5614.010953809321,1585.4926793431478,2970,2.52172738948121,384.47498781276033,285.9730801600542,175,98.09424162653097,Warning
2025-03-19 05:18:41,LoanProcessing,17.976434858750245,5871.1901903134085,1142.7215935508236,792,1.9032472680500867,467.7099589977427,254.1209835144195,189,77.12470901821222,Warning
2025-03-19 05:17:41,InsurancePortal,33.940983877960946,5242.698476291599,1299.8294975931522,3707,2.384572905195851,401.7195058033906,97.59819079324093,329,61.058895065092166,Warning
2025-03-19 05:16:41,TradingSystem,89.8761735679317,1449.3822042389043,1827.2415332055068,3201,4.162712176017789,75.72004970233453,275.3708549588225,135,86.01000518033983,Warning
2025-03-19 05:15:41,BankingApp,61.089861806033056,4008.0490408430355,740.656837811544,3643,4.13476877872192,91.49331897014677,13.931271118912196,367,97.6912369675093,Critical
2025-03-19 05:14:41,InsurancePortal,14.039142863311156,611.2594774649539,1013.3200464044354,4398,5.38970747985759,154.03383298150283,69.1482092305506,317,96.61822287458959,Warning
2025-03-19 05:13:41,TradingSystem,47.999219259835954,3031.87947741885,1370.6460189476732,4999,0.32082827471516473,273.9109605485698,56.11710171740827,37,7.483506844568013,Warning
2025-03-19 05:12:41,LoanProcessing,37.49212279871715,4836.47533370767,401.33324821579464,4883,7.213241455551379,48.652834887601884,218.9316918820999,129,66.18211492715758,Warning
2025-03-19 05:11:41,InsurancePortal,52.37421813000206,7613.390814355822,280.549678515512,3767,8.476455641300698,33.92532054845082,171.7015282448921,464,75.63403941412732,Normal
2025-03-19 05:10:41,LoanProcessing,72.47876501663777,7627.363456185283,1142.807794856166,1389,1.0387057158827473,277.97163954318864,20.078800824482887,298,31.07076673048623,Warning
2025-03-19 05:09:41,InsurancePortal,56.006884683491336,1468.5419168403769,1991.1426323119945,3341,9.154820243644679,467.32597233287487,150.95594268979698,165,7.356556815056194,Critical
2025-03-19 05:08:41,LoanProcessing,64.6244905546695,7938.347152467787,1241.0311271394596,105,8.278197253808163,12.221825425490463,134.49520493734474,141,57.359476460679105,Critical
2025-03-19 05:07:41,LoanProcessing,40.46848270516476,561.9064791822058,1539.6186949802911,628,3.11101930500178,262.4124562483622,93.61738678689038,364,48.62871841907536,Critical
2025-03-19 05:06:41,CustomerSupport,87.7964773026322,841.6561815783941,419.9098305943416,1373,5.405172351263192,393.61504632756566,238.95860544734165,382,27.01219013852439,Critical
2025-03-19 05:05:41,InsurancePortal,53.21179931029093,6913.395018629494,347.5035966969792,3293,6.067245286496328,148.51707667624262,28.890938242523923,324,11.471674401389468,Normal
2025-03-19 05:04:41,BankingApp,60.76429895390635,2088.8500837616584,1796.5751321108717,2225,8.61236496166339,453.9762237818897,30.237528258655367,54,45.3400928879813,Critical
2025-03-19 05:03:41,TradingSystem,54.48651056327587,3294.262182305231,924.3171779590042,2229,1.3288330422609185,48.21689452783068,260.9640907148665,63,22.808613915309145,Warning
2025-03-19 05:02:41,TradingSystem,40.20261620812831,2017.1534933913715,320.0091356009397,657,7.279150944403497,288.55261581928056,234.1405115860257,96,52.60198569260855,Normal
2025-03-19 05:01:41,TradingSystem,86.27369316229361,5368.342562304165,1029.06328614948,3492,2.94332259259276,92.6208704274625,297.9702154170582,160,24.299112087975022,Normal
2025-03-19 05:00:41,CustomerSupport,48.067947611605454,5831.516469185923,1683.7309466007991,909,8.101148394480045,226.6591148859023,198.17183932459463,285,84.17326889928061,Normal
2025-03-19 04:59:41,InsurancePortal,44.83213231757513,1531.405221369699,343.02199815220513,3414,8.999484819083724,319.20897979676243,72.59818929284354,477,95.84636608716511,Warning
2025-03-19 04:58:41,InsurancePortal,54.01821464565061,4985.103769870606,712.8225890907748,3258,4.343265543607111,186.9795103662089,205.73604531212146,318,16.303940151064253,Normal
2025-03-19 04:57:41,InsurancePortal,82.63897226671249,1228.0051248276386,1448.6271041168495,3704,4.438151853869112,226.44706159913466,205.60673836787123,133,90.36129844293951,Critical
2025-03-19 04:56:41,TradingSystem,62.662491448163244,3953.618696805627,1506.8214122227694,3306,4.935234791679749,274.13002845044514,9.862975179447176,459,30.516473180474758,Critical
2025-03-19 04:55:41,BankingApp,46.95448920065178,7401.035220115233,1019.4876194115221,4845,6.909864313252792,335.5178671998596,237.92073766101595,20,57.187022852260064,Warning
2025-03-19 04:54:41,TradingSystem,87.84362818351086,5211.7538577227015,1437.6138247779313,2252,3.9274001381178794,320.3669898268778,47.013992615604735,396,38.21367870239804,Normal
2025-03-19 04:53:41,InsurancePortal,28.923104384250244,2566.0286468491418,487.5853059421628,1733,6.8930170193145255,347.9719023577166,241.19578852858592,280,64.60998527324023,Normal
2025-03-19 04:52:41,BankingApp,70.94535235053415,3044.074465153786,412.31793655701983,2500,7.392140626746052,497.16801277603304,174.26556118470268,320,48.38227974654406,Normal
2025-03-19 04:51:41,CustomerSupport,34.64036252841873,1787.493762573781,848.9193179453274,2716,9.647595550945194,257.6237148333782,137.9882358525786,483,17.442967293031185,Warning
2025-03-19 04:50:41,TradingSystem,28.035212095058164,592.4831809490612,1606.584590212477,2144,3.2586280223339426,125.86555581103475,151.70439974263135,230,8.567938160218883,Critical
2025-03-19 04:49:41,BankingApp,73.57294658723775,6247.970020268704,924.3651656993729,2766,9.897474039630648,387.2591055942251,72.48434111890934,110,34.02436752018826,Critical
2025-03-19 04:48:41,CustomerSupport,86.33738895216352,590.8015041975318,1773.5829473639742,1183,3.898680476698344,194.024833198039,268.51665267639004,401,57.85632269048175,Warning
2025-03-19 04:47:41,LoanProcessing,36.68783983097885,5369.441406051092,1853.6695022180872,2805,8.415783963265884,183.8423626925773,40.610744239837196,310,24.91185195748845,Warning
2025-03-19 04:46:41,BankingApp,39.463453710457145,2155.846845370982,864.6130274953664,3876,0.7646193980149152,462.3887128968978,141.36426818999323,228,74.86556528764412,Normal
2025-03-19 04:45:41,InsurancePortal,89.25616594493329,3054.970946968819,56.42090094031053,2268,4.776521524523556,122.25843721308857,31.992669167459923,56,42.46651627026319,Warning
2025-03-19 04:44:41,CustomerSupport,49.751005764373126,6428.877931591444,142.19444452638413,1319,2.7759193338303243,148.46480451759578,85.64948026937961,121,51.76424752018921,Warning
2025-03-19 04:43:41,BankingApp,29.529518078917878,1943.7251927974346,1687.9502697139803,4507,5.186732882682632,43.23272149518216,105.77326403637939,304,51.0202270007378,Normal
2025-03-19 04:42:41,CustomerSupport,14.568905821664497,1062.9044213044324,168.44449791183104,2338,3.132148678159071,411.5728446111384,257.3670519218013,338,37.64408133687894,Warning
2025-03-19 04:41:41,BankingApp,60.3956507998738,539.0380493200154,184.95625657068607,3881,8.783434099522106,303.38484624448216,147.31251955539287,150,20.598465808233342,Critical
2025-03-19 04:40:41,CustomerSupport,85.56678116501892,4196.639537750013,186.50109650132785,320,1.6485434545955702,108.4424814747782,21.615003609474506,148,29.202156142177525,Warning
2025-03-19 04:39:41,CustomerSupport,47.55560107182529,7090.795940398879,1333.0904725556984,2064,4.110565943385348,438.03223142113643,109.67994092621069,432,15.865109640813179,Normal
2025-03-19 04:38:41,LoanProcessing,82.03723936390766,5411.668682231468,531.7530249456278,818,0.42791892078816507,270.2150763671245,42.12736060276461,426,14.314267456814173,Critical
2025-03-19 04:37:41,InsurancePortal,37.39438443782886,2845.1214968188947,347.76117345037324,2259,0.7145498482654877,443.45840924700275,227.9193130711958,10,55.036698100646085,Normal
2025-03-19 04:36:41,CustomerSupport,78.73474591670058,2484.617864574482,363.8113160164196,669,8.618352549228334,47.55548625588687,85.15239454327731,84,85.98309707808009,Warning
2025-03-19 04:35:41,TradingSystem,58.89677723090485,2187.058469710938,593.9909988336225,4040,1.0873899431857126,488.99811707174166,170.92159645103703,157,67.52209891968961,Normal
2025-03-19 04:34:41,CustomerSupport,60.48246593620615,6759.94772550007,210.90048409813176,3820,0.7988147354092678,63.21597259321996,110.16267464453044,145,12.472435175872267,Normal
2025-03-19 04:33:41,InsurancePortal,16.915501174358916,3645.219418446057,162.20805245551827,2881,7.060069539998889,394.7091623345559,221.88012415362533,376,99.7259291585245,Warning
2025-03-19 04:32:41,InsurancePortal,49.60254742704265,7050.763017674155,404.200106511008,782,6.395298661463079,140.62380183349015,149.83790349610368,451,58.08591468640404,Warning
2025-03-19 04:31:41,BankingApp,21.25872679380744,5019.886617794641,987.3549510177357,1824,9.400407277421763,349.60093636757597,98.66182369775483,42,82.94798016850093,Normal
2025-03-19 04:30:41,BankingApp,30.670597534382367,5792.889951186934,1540.6818673997773,3450,8.109300232868588,423.4945531568778,62.98048280170017,295,8.814129439470193,Critical
2025-03-19 04:29:41,LoanProcessing,30.73483131041863,4664.823898205336,1987.557485559749,676,7.764944546841691,145.86787422017653,181.1461099266925,346,49.16420332157445,Warning
2025-03-19 04:28:41,BankingApp,40.56638993183091,3175.375938560875,1419.9520316766054,171,2.4584615863308033,204.9738291300113,109.15777151738274,234,60.86446643876822,Warning
2025-03-19 04:27:41,InsurancePortal,22.87345467694525,7449.48923972479,653.4061472900356,2773,9.523479128925755,230.37395050765787,69.54782300309981,210,92.38032529682445,Critical
2025-03-19 04:26:41,InsurancePortal,44.55344196224643,5927.829714141392,203.53259856360933,499,9.181666260731166,203.82798638093504,185.80384647808765,191,54.814485745759754,Warning
2025-03-19 04:25:41,CustomerSupport,69.20645854323732,5825.587018156334,125.00000812633444,3595,8.118304548133933,399.8339601091863,8.577850462056539,458,68.79928740425527,Warning
2025-03-19 04:24:41,InsurancePortal,37.930796807009415,3199.4339332512072,1695.8508245899627,3938,1.7739442851661635,497.1905081930899,102.82610772213357,73,7.0616904465318155,Warning
2025-03-19 04:23:41,TradingSystem,59.187366838419926,1544.0131867899017,1401.2334170918994,765,1.2685351606401618,240.6468506591649,156.2077956671494,103,65.15822839315585,Normal
2025-03-19 04:22:41,BankingApp,64.05186215940165,6108.2302001338,1568.7344054429157,3104,4.40171427230025,303.4882456978383,84.13431257722507,494,98.65086470879307,Critical
2025-03-19 04:21:41,CustomerSupport,24.54521205886173,1070.7326032280657,830.5926306665564,3492,2.618006647207356,210.87492962072238,56.83553254548252,395,41.01811408797364,Critical
2025-03-19 04:20:41,TradingSystem,40.0392863357017,2687.2583152061757,1545.153773643109,4661,8.130503514022188,357.7238752590179,129.82582165354847,48,41.24370437292768,Normal
2025-03-19 04:19:41,InsurancePortal,74.78452349655299,1681.7087736485846,661.9106110369336,1910,0.13678937395283808,422.82819637158474,89.16676443110242,36,48.586561938409346,Normal
2025-03-19 04:18:41,LoanProcessing,75.30316057913033,4154.537025542019,808.3244900845036,3878,8.858809445575455,20.93273816152013,65.07099268461218,95,57.24527064382879,Warning
2025-03-19 04:17:41,InsurancePortal,17.82270465677648,4394.302276949969,1433.15641040617,3559,3.592779268966427,145.8029106627176,215.43546834418305,391,35.08437664898818,Critical
2025-03-19 04:16:41,CustomerSupport,58.988694025874395,4843.754751447514,743.2390492695998,2865,1.5355557440794576,491.15519728368383,97.47564708804842,56,58.387703218108,Warning
2025-03-19 04:15:41,CustomerSupport,49.91342809350559,6806.577048534391,565.8035742315665,3255,4.099822425343528,320.60631711247044,267.84249076478056,18,29.68611618852297,Normal
2025-03-19 04:14:41,TradingSystem,48.28357739106157,1041.9551834001566,959.014575675496,4205,0.39811160029257997,237.97288897627175,141.1265035110809,51,93.65493059642002,Warning
2025-03-19 04:13:41,LoanProcessing,59.628482616476475,955.8734730717384,1913.6958079736744,3608,1.417507344761858,366.6027248945405,56.33950622560315,26,10.73996109137384,Critical
2025-03-19 04:12:41,BankingApp,82.76976693961186,6557.204610825269,1810.723210887019,4474,0.5755979919669618,128.3713548761242,126.58590277094042,39,61.545359255564186,Normal
2025-03-19 04:11:41,BankingApp,16.98143223518639,1294.9962052143183,977.0816759089063,1484,6.018046875212427,149.25936250403976,121.15707583247979,483,39.27549699237527,Critical
2025-03-19 04:10:41,TradingSystem,52.24592861655459,910.0607628691411,264.8532387443743,3490,3.753366263029209,155.96201232375137,41.29407830537605,400,40.64605887268106,Critical
2025-03-19 04:09:41,LoanProcessing,55.10673442567423,3467.868981294831,1538.0477500409904,2621,5.554649667260749,401.5334079539035,118.06124263850815,200,91.9063090286546,Critical
2025-03-19 04:08:41,LoanProcessing,44.85525723681013,2406.9325368928976,1388.647339084944,420,1.065185505127938,306.5518972108095,215.63038027276306,318,74.57474826254945,Normal
2025-03-19 04:07:41,CustomerSupport,17.25801121309911,1406.1861580061511,1274.7554911073155,1415,7.784211704428902,223.3947792494633,82.71929763664987,120,17.973072703811965,Critical
2025-03-19 04:06:41,BankingApp,20.08557898172798,1662.9235440252764,1501.8997463605908,947,0.4887164236544661,407.83877128199674,35.24900652288249,419,68.80252308419745,Critical
2025-03-19 04:05:41,CustomerSupport,41.8757176472214,961.7941970306719,151.09469728218704,1729,2.652251362027229,421.0630714954342,269.55329649832896,431,96.74151127888246,Normal
2025-03-19 04:04:41,TradingSystem,48.60468734940858,7193.9658023403645,528.9993659477996,733,1.347177857452606,425.821996285988,207.48171313008598,91,21.502109977117613,Critical
2025-03-19 04:03:41,InsurancePortal,36.1056166990388,5347.101236950072,1683.7015006018808,3514,9.913613018517518,356.2390438657706,242.05690479495033,426,69.81545218237643,Warning
2025-03-19 04:02:41,LoanProcessing,23.576656226490684,6042.400638968359,1598.789003754568,3611,5.121143353569268,74.92158994806928,23.52386657458274,157,36.576652702162626,Critical
2025-03-19 04:01:41,LoanProcessing,55.294004769222,3961.8429857743795,999.5699295257483,2203,9.185525503179385,421.06406182270626,221.71929626507776,60,46.496794764784795,Normal
2025-03-19 04:00:41,CustomerSupport,35.44696172934444,1103.9032683706503,115.30545161095495,3768,6.258187324024162,318.8968166682352,60.76088614754649,352,24.03261266337702,Critical
2025-03-19 03:59:41,LoanProcessing,88.64233257168775,6451.325476871597,1746.4891758529245,4956,1.2071000206330618,309.60640463534145,266.5560379359181,429,91.09642278251725,Normal
2025-03-19 03:58:41,BankingApp,54.44809312927668,5031.034762051001,1430.5898603324358,864,9.822866172060996,484.12209791460646,155.77515189663077,386,92.17525497638529,Warning
2025-03-19 03:57:41,InsurancePortal,28.005439687827103,7038.563311002715,1601.0571534749988,3313,9.550600660942406,200.33269624670066,123.63501707325527,230,69.94896605574264,Critical
2025-03-19 03:56:41,TradingSystem,71.33618509332032,6283.663532595627,1993.8073510655133,978,9.836864228051965,350.08877088013753,155.33859325269194,359,25.019638566777324,Normal
2025-03-19 03:55:41,InsurancePortal,46.62077354089567,5532.586289843458,1355.8760239070602,3910,1.617242486544127,397.51306234129703,38.39213711275104,378,69.53344782639483,Warning
2025-03-19 03:54:41,TradingSystem,31.299227379533523,7493.095626306804,1315.6993523013389,1378,8.063968922395008,96.43147616954077,111.65433763943567,332,91.29059616099897,Warning
2025-03-19 03:53:41,TradingSystem,64.21363688453073,4057.2637325390006,783.3080950012666,720,1.6053554654202695,475.01230991361695,18.75736023884437,28,75.88091746523772,Normal
2025-03-19 03:52:41,CustomerSupport,30.128514833460073,1837.8838040551675,191.16866023085933,802,7.084252664525717,223.87857754570686,139.121881420375,65,40.11641100242873,Warning
2025-03-19 03:51:41,BankingApp,29.048559443108964,7643.0585008315575,469.42129710760514,3811,6.164407269608557,228.47372328494836,6.2952036307776,261,11.337126791597282,Warning
2025-03-19 03:50:41,TradingSystem,49.00594286743988,3486.71951259323,91.59625612497561,3279,3.5074291147634664,88.89074579817307,13.061450484423236,455,79.98979584730749,Normal
2025-03-19 03:49:41,CustomerSupport,31.728161423165968,4299.937053906274,1399.9281242619659,3541,4.567754547734877,138.81924620757258,222.60662285977236,368,30.824010116231978,Critical
2025-03-19 03:48:41,LoanProcessing,21.376562465244184,7667.006272026534,771.5395584034775,2094,6.300130772269281,94.38548854223676,31.333706143962992,358,92.36347606681748,Critical
2025-03-19 03:47:41,InsurancePortal,64.10414908074154,2776.4378939788758,701.6384919231183,2411,7.384115032486824,64.33066474855396,100.43036901419798,453,46.26410130799249,Critical
2025-03-19 03:46:41,InsurancePortal,32.95227858854264,2714.8004726310182,1261.5058246625797,2819,9.139115577886002,469.2469886974328,38.180315396128904,125,61.631726126680384,Warning
2025-03-19 03:45:41,BankingApp,27.950996980679168,2032.9792271960716,1060.861890163635,4881,6.804742358835336,465.3712098953451,210.11368124615157,190,62.43096283339265,Warning
2025-03-19 03:44:41,LoanProcessing,44.438529522987224,1568.9199782439373,1627.9843770124974,2066,7.346503487938175,141.3258559963563,56.13721603783491,486,72.19880357768636,Warning
2025-03-19 03:43:41,LoanProcessing,32.823740482857396,835.4126453930634,347.65398897577643,1309,1.6801786408987285,462.3025398432161,179.0065415948689,416,48.301691059159936,Normal
2025-03-19 03:42:41,BankingApp,69.00561909117042,663.2893817923184,689.6952565252298,1564,7.252530490922345,138.23123784143903,16.47043759353369,150,51.59269686488084,Normal
2025-03-19 03:41:41,BankingApp,80.99629830293195,6510.553308654342,1803.228585542817,347,2.909733256830288,168.08790517403088,62.73492818795037,32,49.710646537118144,Critical
2025-03-19 03:40:41,BankingApp,32.72640872519155,6557.615299932128,1734.7836524068455,1642,7.189234842368216,173.47784640031907,91.33939776363243,268,79.25288684182438,Normal
2025-03-19 03:39:41,BankingApp,19.833165733335036,3263.635270048839,246.04406690475489,2951,1.299595090224136,381.5580594732435,137.01344954439568,112,43.839445097138686,Warning
2025-03-19 03:38:41,InsurancePortal,40.59528031031207,5550.444065358668,1573.7280327342296,3570,0.22456375576698995,346.898712644091,281.92743525184875,267,6.9996551355458525,Normal
2025-03-19 03:37:41,TradingSystem,76.88482546189584,956.1180250542263,1399.306733428153,1871,8.382835496922144,310.84260178515365,79.3477455304198,229,80.74922494588165,Normal
2025-03-19 03:36:41,CustomerSupport,24.31075542826023,6340.711459562672,874.9085794809512,3639,3.218072045224225,41.66262487555145,101.0529698273594,29,95.45880358340087,Warning
2025-03-19 03:35:41,TradingSystem,48.46323790458234,4948.088520418436,259.8772031220163,4079,9.459176461046084,418.897250677113,148.89329339285496,439,65.5973587325752,Critical
2025-03-19 03:34:41,InsurancePortal,20.308414810070545,3544.672332678616,765.3872112942228,1056,0.8678169800887059,36.28832265743423,4.619694726682612,35,8.907223747945668,Critical
2025-03-19 03:33:41,TradingSystem,29.49255493329538,1558.035679176759,1915.8575014534958,2076,4.848947936624218,22.54122613811017,43.04664568094767,403,46.74942361798913,Normal
2025-03-19 03:32:41,LoanProcessing,78.65829098928592,4925.701045581733,557.481815048528,2106,6.967108335696231,499.93123522595545,3.230899474771025,469,7.101516932144271,Critical
2025-03-19 03:31:41,LoanProcessing,12.9359771589451,3512.7759685108913,1605.6022065946352,480,2.6414900007586017,257.70957191831036,166.73500204036483,240,30.57252897317584,Critical
2025-03-19 03:30:41,BankingApp,11.204336330375222,3258.9173089817696,917.2498296151198,4111,2.6364891971901705,393.2443911263288,191.78871920365367,417,8.900332055590741,Warning
2025-03-19 03:29:41,LoanProcessing,25.56656096194032,1803.4428268381016,1820.3595714228163,4985,7.115727903186848,100.90523715670994,291.75060626811404,63,93.64331495817744,Normal
2025-03-19 03:28:41,CustomerSupport,31.732547687817096,1619.5715203178256,1054.1584896474255,3281,3.823133324703524,83.68383227803206,259.0133146092111,37,7.028634498232356,Warning
2025-03-19 03:27:41,TradingSystem,20.43358179665382,7466.7565721657575,185.35926149872415,4028,3.1293713630819697,495.7395523294381,237.77742560419284,293,91.10434642555778,Critical
2025-03-19 03:26:41,TradingSystem,55.05762706139396,6157.860557412959,1753.5964693437772,2715,4.4490587246466005,90.50504566556727,201.52708213138231,276,80.99941877235727,Critical
2025-03-19 03:25:41,LoanProcessing,38.00921668000406,4159.184989631212,356.1910192580252,2722,6.347549892019679,145.74988782460287,89.2714899207615,305,26.143025386100625,Critical
2025-03-19 03:24:41,CustomerSupport,49.32995237443424,2078.672503081163,1493.1833439427544,3245,9.559366548063448,232.97864684560423,127.30769641888942,327,81.35190900591833,Warning
2025-03-19 03:23:41,LoanProcessing,63.500638141430635,5593.811325842018,248.6038895909554,1890,4.6644526654513365,139.67950015180597,83.30169362253608,252,14.720140771181692,Warning
2025-03-19 03:22:41,CustomerSupport,14.259266710320153,7763.754045689314,1381.338835565586,4765,1.8469300434825309,184.81598628184966,63.60867166229245,432,73.7186736566918,Critical
2025-03-19 03:21:41,InsurancePortal,62.43142894552636,4736.675865975091,685.4677428355849,4582,3.6439252441066983,106.67291392262163,197.46091850632575,57,60.01951957343195,Critical
2025-03-19 03:20:41,LoanProcessing,82.68488606807995,5418.682852765265,1994.396660617343,3123,3.4507804652106424,438.9162648585765,55.842997806432436,26,95.34911735299342,Warning
2025-03-19 03:19:41,LoanProcessing,25.085706267515164,3209.603420721124,1738.3118121128382,2014,3.648125180398204,110.01255578171752,252.36049685567636,487,73.87773205962188,Critical
2025-03-19 03:18:41,TradingSystem,21.72393397455628,7286.147736448931,291.6526066908767,3352,2.7635515885422035,297.1269643732321,193.1674655650329,421,57.57844859512894,Normal
2025-03-19 03:17:41,LoanProcessing,28.120216696919247,1280.6424179805445,1097.6285796009504,3935,3.3066198512049807,265.4699406563099,9.841808110639587,488,47.373951996367396,Warning
2025-03-19 03:16:41,CustomerSupport,79.48211426366898,6235.396371900022,422.5594046172541,2247,4.656836360085387,97.94474170403569,232.09786463782183,352,20.116109575882426,Warning
2025-03-19 03:15:41,CustomerSupport,44.45557591700499,7651.855038624449,879.4101766802039,4618,1.583670241197418,108.84844582734411,53.205076017504645,45,8.185977800031761,Normal
2025-03-19 03:14:41,LoanProcessing,32.801785786225736,5739.809815840569,1187.8941301099296,3852,5.898249946228856,270.10467600080955,18.517487239328496,320,35.024528622052394,Normal
2025-03-19 03:13:41,BankingApp,64.84023033589249,7546.194594148814,1950.2711415916465,3950,5.791503008722394,348.92267249090565,157.8140235408668,476,64.14508844673173,Warning
2025-03-19 03:12:41,CustomerSupport,25.941325775174917,3267.6227067132954,1476.2719103891527,2979,4.996090245889041,204.9789358704183,152.67203556006,74,62.98764603564597,Normal
2025-03-19 03:11:41,CustomerSupport,62.74577602193207,6804.9570647438395,1260.054821467982,3819,3.802174016358395,40.62264877072459,27.970687282112145,253,81.24049365450549,Normal
2025-03-19 03:10:41,BankingApp,23.776734348280986,2513.164976720274,1664.0869821533945,3383,8.505779232729934,194.6720230027136,186.54632540774153,92,73.18646488018298,Normal
2025-03-19 03:09:41,BankingApp,18.38347543036644,1226.51997447351,895.8099003759158,1721,2.4843923995433626,445.9167367353397,135.65596229923153,306,93.01786099825746,Warning
2025-03-19 03:08:41,CustomerSupport,32.45958241325414,5984.902129610125,1707.2007681662033,1346,1.4047453646269037,109.13496796432109,26.513993089619046,335,43.22362199537196,Critical
2025-03-19 03:07:41,CustomerSupport,61.34795790021738,3961.864351194331,115.04217645948302,3593,2.4413561360337566,220.36783340935312,109.8527529367877,24,67.45657629056026,Critical
2025-03-19 03:06:41,TradingSystem,85.03842229560176,7728.769599369162,1810.6585339524659,480,6.234818753405628,308.6447569361293,292.4776677229374,492,6.096778111796601,Normal
2025-03-19 03:05:41,CustomerSupport,43.84903034575788,1975.6121072594165,1083.8706356922503,4568,8.542996585297827,237.98145905237348,61.22975950564334,288,65.7541379439587,Normal
2025-03-19 03:04:41,InsurancePortal,81.8093153072745,6721.30243362418,876.9512665545034,4467,3.3225900318397827,243.81932583342567,248.66492465315878,488,14.260933726725693,Warning
2025-03-19 03:03:41,TradingSystem,44.160359874368005,3535.7642299524337,646.2480071773163,1220,5.413247023427031,15.195314324271429,163.96117156363997,354,76.56092445176434,Critical
2025-03-19 03:02:41,TradingSystem,73.04762246946866,799.9231580486767,946.5122197432319,2795,2.585389186802707,99.42807224983228,155.32567614777057,111,39.537502185239845,Normal
2025-03-19 03:01:41,BankingApp,58.97134299820266,6860.486926975546,1262.7146022088746,1649,8.798365236578134,214.5392324380953,236.07954483965236,139,44.75534264495597,Normal
2025-03-19 03:00:41,TradingSystem,63.46585238864644,4878.0741177686605,1785.3412027847437,4562,0.9943471212388233,396.66643348597455,83.94541936920947,14,25.587994663080842,Warning
2025-03-19 02:59:41,BankingApp,72.40497196131878,5189.999215413749,719.0770504516286,1799,6.832871573927695,265.6997140163381,280.5303156597921,90,82.68892278965237,Critical
2025-03-19 02:58:41,TradingSystem,21.901868607185975,2666.8972344994386,905.5910780809809,121,1.338685748045667,127.11611493365746,12.854228456560746,326,13.592736147965187,Normal
2025-03-19 02:57:41,LoanProcessing,51.202581987974185,2931.0925928298107,1972.0884888301246,3202,0.39315877177349745,475.4671928981409,130.45811849232499,330,54.67255586418808,Warning
2025-03-19 02:56:41,TradingSystem,40.54073100234616,3726.4127343914424,1562.377975248344,484,5.776441404959751,378.0129221066437,272.2868810632864,489,20.280691323477072,Normal
2025-03-19 02:55:41,InsurancePortal,73.2170964402249,2070.22407218833,697.7293587056881,1174,1.721444643333494,389.6995775837297,150.04707642956134,124,13.094443905464798,Warning
2025-03-19 02:54:41,LoanProcessing,69.88475585874613,5695.0642829645485,1751.593552916494,1291,5.054964749934047,121.59702374223572,4.2177196439220745,52,30.813513830385823,Normal
2025-03-19 02:53:41,CustomerSupport,88.03717143102911,2435.4588483847056,1488.7644347165285,1581,0.05559512310479242,25.04471509084186,24.152683427089812,169,9.985159009350015,Critical
2025-03-19 02:52:41,InsurancePortal,16.74664618024312,4814.025825499857,1611.2814186069106,908,5.277949849908822,166.00617275264796,163.95203837643794,295,57.10238337823012,Normal
2025-03-19 02:51:41,LoanProcessing,29.856101836123923,5186.950986681493,312.0126232632096,1441,7.710428222751389,181.47340662137415,47.65578516618989,463,28.606695141643442,Normal
2025-03-19 02:50:41,CustomerSupport,52.72988086594115,6758.5211174631,206.13608236077383,4943,4.021469580803315,87.64207430475786,14.157897585092476,340,28.199039076334174,Critical
2025-03-19 02:49:41,TradingSystem,76.04839168328907,3023.519579016604,1335.5917969144282,396,9.13299979073731,307.8958250946153,231.1810912594792,192,83.15671544003266,Warning
2025-03-19 02:48:41,InsurancePortal,28.515688754631014,7142.937780516733,400.87966399697564,4717,9.935243599345165,363.9767714319132,269.00060916556544,213,37.89516490668097,Critical
2025-03-19 02:47:41,TradingSystem,60.658011186586116,5337.790948911001,1004.5496645380448,2287,9.4648714314145,25.4368772235819,86.3185838064907,470,32.47961967044931,Warning
2025-03-19 02:46:41,BankingApp,57.764553929002076,3989.6986194590218,665.3830815513845,2923,0.2362006878681422,18.47009141401627,151.5317519989972,120,40.27456405469453,Normal
2025-03-19 02:45:41,InsurancePortal,57.78328821391378,7136.562647432189,693.7699808043591,671,9.332392335607576,56.05710596352675,198.95274192901368,301,48.21827480710472,Normal
2025-03-19 02:44:41,TradingSystem,19.047767193338593,2582.1592765853766,1059.9488150145712,3583,4.33525215317859,17.069403962393142,114.76514608607644,459,39.18731941257045,Warning
2025-03-19 02:43:41,LoanProcessing,58.21860220377143,7911.090172929019,853.0346511660107,4949,3.4619537502672193,291.0745266692094,111.93284078224663,117,64.25571394008534,Normal
2025-03-19 02:42:41,InsurancePortal,31.70669137218222,7174.324597269541,1875.4195827598764,4273,7.165726948669015,471.02426465399975,247.12101450399484,467,44.09673410571462,Normal
2025-03-19 02:41:41,InsurancePortal,39.928245715863106,5457.067426398077,822.0607561839026,872,4.4521654683320335,136.88948062592095,242.42759158245866,220,85.72509683398096,Normal
2025-03-19 02:40:41,LoanProcessing,43.903432922078366,1143.512163599858,558.5936931712554,2426,2.371885778905792,93.96996272351886,287.8128941793867,48,50.01945692571051,Critical
2025-03-19 02:39:41,CustomerSupport,35.11803324703928,4943.01109565856,1698.0451760080728,2498,9.508374821650417,325.8080193426662,253.51001808486893,410,73.15232049241405,Warning
2025-03-19 02:38:41,TradingSystem,16.855528474616293,2058.1860901635146,761.9513664964751,1773,8.011461079572845,190.44080822917095,269.74847523447323,261,52.6299016774711,Normal
2025-03-19 02:37:41,LoanProcessing,74.48099168056062,4515.7917192726745,1029.8531473026787,1771,7.097185718791144,359.02244513511135,148.2806623398922,343,10.619479088697263,Warning
2025-03-19 02:36:41,TradingSystem,10.466895788128951,3928.9118666258973,1636.5009231815882,2531,2.8294525534683537,231.7788895111972,169.0001261630872,73,7.12839216678625,Warning
2025-03-19 02:35:41,BankingApp,21.103970886183838,6510.635426302739,1041.000343198212,4634,6.468805143030614,461.86363612396616,269.588426627383,159,94.48378313780411,Normal
2025-03-19 02:34:41,InsurancePortal,23.602147545147886,6380.082442479026,1181.1973551504175,1129,8.86322894438824,408.60188528514243,211.85901804326915,274,79.97910086852569,Critical
2025-03-19 02:33:41,LoanProcessing,38.63900162738858,7025.658010907878,1213.5129354265894,2571,3.0927202429887957,422.06009916227066,71.80311111393607,35,76.58635759308936,Warning
2025-03-19 02:32:41,TradingSystem,25.94636710914137,4832.848636371496,808.7643972822275,4537,8.427950063392618,492.29828222635814,271.15511226594015,46,88.2833218850012,Normal
2025-03-19 02:31:41,CustomerSupport,70.53737314054871,3078.277809630037,1144.744876668316,2442,9.280135845756131,293.460104286909,78.37687012586183,354,90.93967759879324,Warning
2025-03-19 02:30:41,TradingSystem,42.15816082120837,5669.676128583574,1911.761171909112,4332,7.852320213462242,177.99901279889576,238.14800912102135,211,20.855672251090375,Critical
2025-03-19 02:29:41,BankingApp,26.80828468489451,3399.300193563891,707.634060319246,741,2.5839715894834048,480.89947349935164,137.43016562807932,490,87.38160648001873,Normal
2025-03-19 02:28:41,LoanProcessing,37.33251252968965,4019.339667780283,105.78917833316841,1468,9.030582078606116,123.3844829029301,143.0065231473966,65,49.469950705843736,Normal
2025-03-19 02:27:41,LoanProcessing,36.65237024247733,5618.8070981669425,1204.3036721597668,4345,5.9466480420820735,251.7064154922128,294.3881994836252,81,62.58750945677789,Warning
2025-03-19 02:26:41,BankingApp,26.68819147915275,7651.316270684113,1278.3768231794916,1537,3.145367754561348,64.21212811422046,203.50365248270106,283,54.375526804802426,Warning
2025-03-19 02:25:41,CustomerSupport,75.89521314563422,5290.804876037897,432.30429758997553,2749,0.014410830551749854,216.30732771822852,141.04673252715676,400,74.56812283750327,Normal
2025-03-19 02:24:41,InsurancePortal,87.45607603433815,2751.889825672847,1967.407315944019,3004,7.4067114524237905,191.21780567879378,256.21100072433603,462,40.844117926566575,Critical
2025-03-19 02:23:41,TradingSystem,48.60824629297831,5696.13340912046,1789.426972996358,2548,3.691966839281111,482.1061493011063,247.343986229675,429,52.98407367208994,Normal
2025-03-19 02:22:41,LoanProcessing,11.395313053612712,2810.411244994623,943.5914636873547,4399,4.119462555562463,471.66438804511455,51.5650187883638,290,71.47610368252927,Critical
2025-03-19 02:21:41,TradingSystem,50.7452848712498,4595.061202038281,1494.9630128158267,2362,0.5453895410263931,365.0970896993852,240.38214215925314,489,33.088447597478165,Critical
2025-03-19 02:20:41,InsurancePortal,82.5354064201022,2847.6884758636697,903.8267430306105,896,7.710268400219014,82.71687503332025,246.0376041164994,356,12.100281661741557,Critical
2025-03-19 02:19:41,InsurancePortal,24.287976671715683,4987.656682292952,1924.4675929303617,2251,9.487599517786382,482.0267690425566,267.0199440305612,145,91.4687515424371,Critical
2025-03-19 02:18:41,BankingApp,41.029164269205616,5667.642762411983,1380.1239014272762,2793,8.807230529142325,211.9796660419064,200.50012042404393,270,10.28861682753013,Normal
2025-03-19 02:17:41,BankingApp,81.09246901413472,1234.6423352190984,104.25197294041678,614,2.3488208100379895,136.1021818653361,64.64407218024557,173,24.791425890713143,Critical
2025-03-19 02:16:41,CustomerSupport,84.46328781025672,4372.806176311757,361.49079109286026,2656,4.742261577839856,162.97404406672328,177.78692184240347,149,15.850634004420606,Warning
2025-03-19 02:15:41,InsurancePortal,33.72510563254621,4018.721087759437,498.2693718115621,1808,2.99212623742243,28.732903530092592,235.51551875272142,383,90.18113939514869,Normal
2025-03-19 02:14:41,CustomerSupport,15.755349716327087,5007.718896891011,1786.4639607456281,4304,0.5443994190219004,460.0761507626985,1.7789524387271325,264,98.75082996859943,Normal
2025-03-19 02:13:41,TradingSystem,78.83373798891012,6290.470808710854,1584.7819141879047,4335,5.548795958514759,159.03654098902788,84.82801392264808,95,21.08614436330775,Normal
2025-03-19 02:12:41,LoanProcessing,58.42720476690335,726.8843370826204,545.3383491385172,2889,9.015164739258436,7.289253763438998,189.64972291868588,295,27.66457680624775,Critical
2025-03-19 02:11:41,BankingApp,13.586970414245583,6637.192232395756,1666.2794544230267,2220,6.32224931884585,157.8722288752421,186.17865326806174,489,26.864928952865878,Warning
2025-03-19 02:10:41,CustomerSupport,66.32052228527837,7206.439496346118,1972.4475488389464,790,0.4250776805242251,120.83615268678241,281.07034576304824,482,96.03194028154152,Critical
2025-03-19 02:09:41,BankingApp,67.08324738363403,3327.4563181324893,364.4780951955063,1738,2.882775278746559,361.8240577704009,178.80251097212053,147,93.29950748280069,Critical
2025-03-19 02:08:41,BankingApp,68.18518373236776,4723.885117706976,632.8515770775101,3519,0.6968821315676599,368.1739305810414,219.82103010189178,140,95.40940381928219,Normal
2025-03-19 02:07:41,InsurancePortal,54.73996370575661,4189.536052411562,1733.020619422466,408,5.91970034669048,105.7681724508861,176.0445476090489,488,17.00542014849828,Warning
2025-03-19 02:06:41,LoanProcessing,30.657618245101894,4331.8931976439335,1788.7306268447467,2688,5.442712893416589,43.730693175126184,15.261158797099423,273,45.36318126823885,Warning
2025-03-19 02:05:41,BankingApp,33.446184378422465,7047.892097866763,292.89839161036946,878,0.8015318382716186,473.0249153090471,215.34006220104433,494,30.27780559738535,Warning
2025-03-19 02:04:41,BankingApp,81.16172272795086,4701.580162825716,439.0758301667107,3955,5.27014641309523,381.06347936699797,55.7369570119594,434,98.40528756419933,Normal
2025-03-19 02:03:41,InsurancePortal,10.55936178740212,2146.347616414167,1300.0844641320643,1425,0.5436951656940592,455.0590855665093,289.68478777377953,28,92.56167267648344,Warning
2025-03-19 02:02:41,CustomerSupport,46.58789615832635,3409.774679100271,165.0491535834819,1181,2.13284137580535,304.45004437240834,128.3879552021009,462,34.518036456284165,Normal
2025-03-19 02:01:41,TradingSystem,53.18046012557559,1633.1653034057879,1459.9812449628887,1910,9.285518213366199,347.41764506812325,208.42888567178392,120,96.6391806059987,Normal
2025-03-19 02:00:41,CustomerSupport,20.427869422313478,4128.404043161289,1744.1353797797271,1431,0.8150753007978895,199.71259113779882,273.6415521864536,479,31.143888839129076,Normal
2025-03-19 01:59:41,BankingApp,86.52307469742796,7631.087088767206,163.07689886049693,1033,0.9416828993937398,173.58212162133862,282.1257785284036,126,41.451573284205125,Warning
2025-03-19 01:58:41,LoanProcessing,75.58026310896258,5187.658778105635,934.607083483075,3858,1.466113023710851,355.10770076810496,77.27655548112372,150,41.284486489347884,Normal
2025-03-19 01:57:41,LoanProcessing,13.817226138123573,2847.327113400513,534.4207460313014,2160,0.7254594251322233,5.8292734600833676,27.46594632622933,447,68.02526873947717,Warning
2025-03-19 01:56:41,LoanProcessing,56.94594997145267,1377.1890320546786,767.1941915664128,445,5.762362829604822,110.16522206041925,36.93147562061533,394,31.653755635560167,Warning
2025-03-19 01:55:41,CustomerSupport,86.256098573776,3331.642739624449,1301.6268653516413,2230,5.516508500852156,462.2557432324497,256.57727525784804,445,41.08437300483051,Warning
2025-03-19 01:54:41,InsurancePortal,71.25050923028061,3140.9707552171412,523.0120624502055,574,7.370857822668576,4.992782374598576,205.0066366001316,296,94.01467961410094,Critical
2025-03-19 01:53:41,InsurancePortal,86.16798753985728,7836.437693125049,1121.736900002196,1972,5.578929446385324,200.51859562634652,151.84476209638905,259,18.011331713837418,Critical
2025-03-19 01:52:41,LoanProcessing,15.809286404602592,2143.8851842849526,911.0524034709713,3928,8.306869518776253,344.2427892058646,100.29196673142062,94,90.4301990314859,Critical
2025-03-19 01:51:41,TradingSystem,41.81868659484098,7478.3229338575375,499.2424122306304,4103,3.61781528775317,477.5904454741619,41.34759327944016,376,94.00862325037447,Normal
2025-03-19 01:50:41,InsurancePortal,81.85662169932277,4996.7206445030615,1314.6086806560893,3687,0.7358868908071703,28.911367592419246,12.067842935988867,460,31.406471480263388,Normal
2025-03-19 01:49:41,BankingApp,71.25780031979356,3564.883218821192,556.271988583972,1595,1.2010020693459866,316.3484885313235,118.29086890002834,474,59.92141995784949,Critical
2025-03-19 01:48:41,CustomerSupport,51.995459488607914,5644.148877318915,1249.1977053376381,3551,0.47966482102375085,53.25099308354086,106.63168032530969,262,83.75722971316682,Warning
2025-03-19 01:47:41,LoanProcessing,83.54900440457476,6057.091341489592,457.1117547621049,1078,9.342825143446658,86.76870877709457,249.7269689956612,331,67.47845144117704,Normal
2025-03-19 01:46:41,LoanProcessing,83.99355660429305,6407.514855363142,1971.1705944625303,3133,0.5723117246504561,295.11759909092797,236.948345869181,352,68.26170136618481,Critical
2025-03-19 01:45:41,InsurancePortal,46.95205466930568,1705.9165244118128,206.86571896699544,3529,2.8091775231713245,445.8581771651031,106.64843417721764,95,99.77650638779426,Warning
2025-03-19 01:44:41,CustomerSupport,68.11708515553352,4370.908026067994,1165.63799040298,4453,3.212595829911887,72.3328756290813,130.61536573061656,158,30.934536666234035,Critical
2025-03-19 01:43:41,CustomerSupport,54.12364384948844,4793.20910573562,1056.06738211522,2628,4.381803657580232,64.72703664062011,237.5764158659028,288,91.41768688481997,Warning
2025-03-19 01:42:41,CustomerSupport,37.94532679353586,7759.5788728110465,145.3779490667966,1066,5.981507314331188,32.52601569010464,203.19118452794655,244,87.1207123880754,Warning
2025-03-19 01:41:41,BankingApp,87.72405913720114,1738.5787142987792,448.2687473159505,1232,1.9284369335386264,275.2202739167816,14.899905534121205,384,42.77518531290328,Normal
2025-03-19 01:40:41,TradingSystem,76.15768126299196,1750.9623997602846,1394.6338719120702,1680,4.984223717096684,30.435240277551344,201.58398835851142,345,78.12091060925837,Normal
2025-03-19 01:39:41,CustomerSupport,82.900255807149,4515.45954052993,782.4732022928492,3695,4.926592876273263,204.26482178456303,17.444357599568377,17,70.32587839482521,Normal
2025-03-19 01:38:41,CustomerSupport,73.80289544515686,7838.7172645752635,1089.46522219759,4105,7.131960780092287,477.4029679539316,92.03834518320059,190,11.153560198545197,Warning
2025-03-19 01:37:41,InsurancePortal,81.40255477165992,6543.199197152592,1281.072256474646,2122,7.294661865490088,76.23778144531282,1.820547040419524,483,68.10636089204662,Normal
2025-03-19 01:36:41,InsurancePortal,75.60470632572301,6880.987745265744,1656.5096615950129,4623,6.851009969576227,32.02313867040621,165.21687061761813,34,42.138871200264056,Normal
2025-03-19 01:35:41,CustomerSupport,61.26913090509508,6174.072463099475,462.6182277552657,1678,3.4080522504966284,263.8360042336553,163.41394686374912,486,63.41124052487291,Normal
2025-03-19 01:34:41,LoanProcessing,21.09483361049282,5598.625739827831,183.3095749076821,2675,6.120302429683364,96.06752714977637,210.41371467087055,372,66.80843065868693,Normal
2025-03-19 01:33:41,InsurancePortal,33.1231737851947,1044.0322810475618,931.4743410999758,4754,2.693192451356319,176.15262643580283,219.02420056110662,168,48.2868627821512,Warning
2025-03-19 01:32:41,LoanProcessing,28.790542071019665,1552.3502741836855,1943.556400072272,789,4.367985402539919,349.49620454842767,168.17606440896043,312,16.06284792224711,Normal
2025-03-19 01:31:41,BankingApp,53.027123888672094,6174.411521704067,156.9130161243776,708,5.687769906938904,309.491889239942,57.86328801358108,117,63.358905336990986,Critical
2025-03-19 01:30:41,BankingApp,34.567514949609475,951.8332680153422,319.7617502170495,2404,5.059548437019391,102.54913933098963,42.59879053974533,26,68.9177261317675,Warning
2025-03-19 01:29:41,LoanProcessing,29.04676432024175,3670.355175605488,625.6575820162799,390,2.1091432446127256,430.7516012779805,292.94456133206023,361,48.6437103793617,Normal
2025-03-19 01:28:41,InsurancePortal,24.241487943119544,1676.3745303939763,1564.385683326121,3506,8.269125318797313,162.00421283259757,221.57734222009597,102,91.29117050973258,Normal
2025-03-19 01:27:41,CustomerSupport,58.16110743974618,7287.678275033471,1244.5957603647025,1464,2.9714446738167357,217.70572965871327,64.09604224289595,106,61.50104953685995,Critical
2025-03-19 01:26:41,BankingApp,41.8001258802269,7989.389803660206,1901.1544107997818,1977,4.837005361130408,39.021067842814524,60.94432050170175,382,37.57249720967204,Normal
2025-03-19 01:25:41,LoanProcessing,12.656042776485794,5376.001712040932,516.800580980009,1179,0.17351766781038225,479.9356112839905,29.665456271600995,46,16.744629195589432,Warning
2025-03-19 01:24:41,LoanProcessing,14.31023763869943,7197.8013243532005,1954.8512211931318,4441,0.047797748831347464,22.34478366130982,174.28289370661113,174,50.68264191218853,Critical
2025-03-19 01:23:41,LoanProcessing,53.390636550112525,1326.1106169494567,1549.8081127199014,2654,5.882426055331486,143.31455120022696,283.37777564449374,335,29.045016968106392,Normal
2025-03-19 01:22:41,LoanProcessing,19.734079584056712,5105.4534771481285,603.3987170721225,667,4.526616354237701,237.15222865073397,38.52848398339517,59,74.00507628279357,Critical
2025-03-19 01:21:41,InsurancePortal,41.1906609636366,4245.102209806131,1299.7336234770855,719,7.472429572731239,118.46368236675413,93.30781437689933,319,33.5179793965777,Critical
2025-03-19 01:20:41,LoanProcessing,51.68852888871484,2259.820780582605,1341.3344819114088,1672,6.359356278952654,330.8339043009886,22.976672900194714,483,90.50186781179553,Critical
2025-03-19 01:19:41,BankingApp,65.2973017778105,3450.730862756498,171.9629012164701,4734,3.5094784722171757,144.65852988349795,115.46246033671868,483,11.845215488718026,Critical
2025-03-19 01:18:41,CustomerSupport,38.40841577633378,519.7440044285652,1595.8311142059642,4305,2.550820868327064,96.18019091414075,89.21066992171826,445,49.863108184322,Critical
2025-03-19 01:17:41,LoanProcessing,55.53085145588171,1869.468160439719,68.01557709878615,595,0.09071991828380588,192.42945768874935,81.30060206559376,455,88.9361112164736,Critical
2025-03-19 01:16:41,CustomerSupport,85.26453272433243,2308.5924537752135,1677.2657608984691,603,7.589642685648315,17.70705522345451,181.1863620872741,245,78.89061750680884,Warning
2025-03-19 01:15:41,CustomerSupport,67.88722301340394,6587.913391779469,129.56501346585395,4094,1.0590779221997226,79.86744431898636,32.69703446379606,249,20.081224707596085,Critical
2025-03-19 01:14:41,TradingSystem,69.40057402552688,4089.2718961220767,754.5595392260484,4935,5.322994599063424,58.11867974273179,86.28878682218591,202,29.028803406677188,Normal
2025-03-19 01:13:41,InsurancePortal,61.81842070832935,2974.4146101101474,620.5260363653017,4967,3.6045777463145336,423.4966014042374,150.5886544491406,240,80.38006170470304,Critical
2025-03-19 01:12:41,InsurancePortal,57.49067044076408,1097.869836187534,179.79319427818672,1750,0.7035909626430326,460.4842326446168,161.5649752066059,309,22.151355853422338,Warning
2025-03-19 01:11:41,CustomerSupport,77.94780736980259,5026.046711946158,1931.154282982678,3370,0.4945214174251422,246.3780738452858,163.20688787461071,261,64.44635298426059,Normal
2025-03-19 01:10:41,BankingApp,38.91605653813538,4332.5129298938755,912.0391741856547,4359,3.797157638350217,474.4602646673086,126.63645863911741,154,64.75898805356965,Normal
2025-03-19 01:09:41,CustomerSupport,17.507960473850712,4736.18784833954,1064.8133337161837,2044,5.427493531065906,114.11942179884541,219.25890357639312,153,18.923996019062912,Critical
2025-03-19 01:08:41,InsurancePortal,17.10606651488547,2816.345437991517,1796.0598031999991,1737,3.3867353250324896,244.02870738398545,115.67280682665111,384,27.122709571055168,Warning
2025-03-19 01:07:41,LoanProcessing,53.400587419701395,1297.0773641565183,1568.9495396514344,3866,8.32971916066384,375.72521214119786,274.4704149432789,486,10.672437029822884,Critical
2025-03-19 01:06:41,LoanProcessing,65.570314963016,7808.478509316861,296.9930405654407,4477,5.081994777204766,345.7267236481707,104.92988079295976,244,36.07295724205507,Critical
2025-03-19 01:05:41,TradingSystem,45.75566828886308,1805.319736862121,307.04914257122425,3983,2.531181307284631,175.10622323823063,247.7374561783263,414,68.06940982856236,Critical
2025-03-19 01:04:41,LoanProcessing,29.45241095308825,871.335164982004,734.4575264592197,230,1.0416007450206466,463.04443278470256,10.413225382778629,372,40.95360353328285,Warning
2025-03-19 01:03:41,CustomerSupport,53.62647575259113,4217.523893549578,1174.2167103550155,2898,4.9989547395105145,57.40767417884044,252.16655339397545,500,88.03741143738665,Warning
2025-03-19 01:02:41,LoanProcessing,78.78095574894974,2408.835531268988,1532.305945120365,384,5.016043439116766,88.11965746503013,10.164040742747432,300,85.5134834081413,Critical
2025-03-19 01:01:41,CustomerSupport,48.83710486242749,7080.965079735524,1527.012642972062,3452,4.2121110241898965,199.8994641851034,118.91356075722882,304,11.092954727306365,Warning
2025-03-19 01:00:41,TradingSystem,13.261035683856539,7674.559652654024,1097.0481917840643,3788,5.166762663079866,471.71064961202995,167.87070881088727,459,40.709555042267965,Warning
2025-03-19 00:59:41,InsurancePortal,35.317547178389106,2709.335040932685,580.7562139634194,3918,5.419868725377581,35.1518637423802,157.27832322773264,423,80.7058793752574,Critical
2025-03-19 00:58:41,LoanProcessing,38.45468762657403,5314.397355446886,1235.7927225974706,2626,8.950405573961453,376.114038257977,272.81119844316646,344,18.58695139219153,Critical
2025-03-19 00:57:41,TradingSystem,22.087352891245324,4602.6869626626,1448.0382893377976,1129,3.7052615052839597,396.9419574401038,109.90488335691731,172,43.100228310805136,Critical
2025-03-19 00:56:41,TradingSystem,65.94481836762445,4132.771248729033,1019.7271119593976,912,6.97598791022025,165.66864898412496,267.3617281189399,281,14.672783484668543,Normal
2025-03-19 00:55:41,BankingApp,53.07962198342469,3892.339696266333,1221.4746795060764,3163,5.802288170639898,244.7635155123225,289.9642430396264,81,15.303283241397889,Warning
2025-03-19 00:54:41,LoanProcessing,56.794895310276424,3933.7814285669497,1859.330307686701,762,8.54843707330422,227.51552737464377,54.367977777279876,125,34.13556494399354,Critical
2025-03-19 00:53:41,TradingSystem,58.68383307720836,1653.593645582388,230.71458925946507,4268,5.383466317637698,415.1334874908379,117.11494601800942,485,76.70069363072226,Critical
2025-03-19 00:52:41,InsurancePortal,23.041310894322258,4503.832791944153,1635.8543727133483,1652,2.538180160226864,259.78023195978113,4.309383180221386,497,42.54653679114759,Critical
2025-03-19 00:51:41,CustomerSupport,28.49310809867985,4499.272877520802,67.68193404785283,531,2.479420352403865,124.97882093914926,100.4872234987593,166,52.94201112197502,Critical
2025-03-19 00:50:41,LoanProcessing,74.3104247746682,3864.8396085284367,518.6400272103904,354,4.986908002037904,497.6620362110914,252.44276523885037,325,46.18044059542927,Critical
2025-03-19 00:49:41,LoanProcessing,22.839093138413986,3015.8345938718066,1807.7020326034344,2228,7.951923934293683,370.10108502265484,108.3109502496484,245,90.17306562195192,Normal
2025-03-19 00:48:41,BankingApp,21.183771004360565,1439.5507822114507,1258.1244759578124,2938,2.907025358060852,215.81365021582297,218.54697990635793,180,34.7025116413863,Normal
2025-03-19 00:47:41,InsurancePortal,44.738251789094505,1504.6113857594228,1223.205693824911,4376,6.7466613831900455,445.48002594322946,52.169250309099176,460,18.8955813850838,Normal
2025-03-19 00:46:41,InsurancePortal,75.93267370656896,2859.9100779055093,1146.6832358979348,227,7.901296367624977,251.69908142164098,192.11522611855315,73,66.9653363662127,Critical
2025-03-19 00:45:41,LoanProcessing,20.040878649138172,7975.643906932593,592.9073771649927,715,3.064582134345575,206.1885548495345,162.40807456734774,445,69.60235602244184,Warning
2025-03-19 00:44:41,TradingSystem,33.41704607829619,794.8566694720744,842.8870464432844,3094,6.627858446730994,30.850468972993596,191.05992423979887,26,73.47706917050634,Critical
2025-03-19 00:43:41,BankingApp,61.590804864456565,6553.27689923902,1782.4257489158772,2424,7.879305913598291,201.49291487709758,238.40362740697694,429,52.682841324298685,Critical
2025-03-19 00:42:41,BankingApp,39.87899132665413,4801.812257520679,1347.823488674775,4571,0.6882728940425387,126.12152311431367,226.9255698834762,350,46.90895031848192,Warning
2025-03-19 00:41:41,BankingApp,79.10490602525937,2474.901974800125,113.79678338215936,1743,1.9074717430321886,311.1321405112773,3.6892054112850285,13,53.09907099286368,Critical
2025-03-19 00:40:41,InsurancePortal,12.651639092902922,5116.687435684507,1309.335439981742,4048,1.9413694286087468,497.04135285494016,234.03718768620206,243,39.24171843428715,Normal
2025-03-19 00:39:41,CustomerSupport,71.3560638629523,4070.601625108814,690.6759360883007,1489,9.753542782311204,242.33969056962815,128.62314844620272,64,73.76185469405301,Critical
2025-03-19 00:38:41,InsurancePortal,54.84846450088574,3405.3742145675533,1161.0170507954033,259,5.863277057151654,10.212538006523909,56.09276121719323,105,33.17709498384362,Critical
2025-03-19 00:37:41,BankingApp,24.935760645706722,5409.0300633015495,1682.2288995636618,1890,9.610354671356534,287.65141095760237,250.46445540759797,160,58.714637414475646,Warning
2025-03-19 00:36:41,CustomerSupport,27.777114613783482,2537.0900416170134,135.36801130176835,1360,9.825996736917485,115.60356520193452,239.57343473937996,221,5.457946525377652,Warning
2025-03-19 00:35:41,TradingSystem,85.14752232427186,3211.686887062126,819.9155256610462,4068,2.144846727566435,259.5024520561089,136.47172568643705,261,74.17815598882527,Critical
2025-03-19 00:34:41,TradingSystem,38.36965648955535,2457.632884736602,1373.0062508820126,3769,5.014660801101427,328.2815560642906,185.77771025349196,410,80.99401997042364,Warning
2025-03-19 00:33:41,CustomerSupport,60.9309117912317,2861.8702458439084,606.322488473801,4257,9.06446869726364,335.9717352560301,205.80475874581785,426,38.29916594994831,Normal
2025-03-19 00:32:41,LoanProcessing,10.725693406131471,3713.037243445757,1525.5219249604972,2217,9.664010067712738,13.67497760846001,125.55691882634052,165,30.94268280046173,Normal
2025-03-19 00:31:41,CustomerSupport,20.621140419213198,4591.499188432133,1873.2301456010857,4910,3.411587175044385,477.29450997919724,2.5593024112196727,318,90.47617644067022,Normal
2025-03-19 00:30:41,LoanProcessing,42.11097513657623,6388.064343515325,907.4403079201657,3637,1.7195025392058405,318.1595014506336,252.06722656834597,474,36.20938460007346,Critical
2025-03-19 00:29:41,CustomerSupport,14.972616058014374,4488.639187680703,209.7546304430083,3493,4.807374513060958,150.58684339417366,128.580884466879,383,36.0385595891331,Warning
2025-03-19 00:28:41,TradingSystem,41.99577148285278,3364.4684409942197,367.398451411382,3318,9.512850116829197,179.54469798649416,96.73643034742734,476,60.278303485360965,Normal
2025-03-19 00:27:41,TradingSystem,53.67802926007656,2899.2619295830195,146.92600995316064,1420,1.1238166192517551,280.6580594406803,267.38595770972927,229,25.47903123561957,Normal
2025-03-19 00:26:41,TradingSystem,80.18551561476795,7767.727722067469,149.10625514038531,4261,0.6918813943144397,342.99357539413154,177.9882340861416,226,58.33363162169049,Warning
2025-03-19 00:25:41,CustomerSupport,14.926294480966815,6798.809493231587,1956.5569271675668,722,3.7019629824556386,380.6108810716276,239.21245160315567,430,63.38202134092572,Warning
2025-03-19 00:24:41,BankingApp,22.970377975849594,6666.477866381333,666.6761820413236,1549,6.831720231157555,249.09685508817,139.17782456221087,370,28.67276315427723,Critical
2025-03-19 00:23:41,TradingSystem,22.60020788430488,5074.68342139949,942.7960227578052,776,5.204826230503524,253.2508321357311,100.46734988969959,486,30.543887787218868,Critical
2025-03-19 00:22:41,LoanProcessing,85.9439644134622,4411.567742965442,362.0236655795737,3642,0.711810206943162,297.0984585652525,83.38395490426626,362,88.73037044060435,Warning
2025-03-19 00:21:41,TradingSystem,50.95604100970074,4251.393268531428,1904.9800945909356,4652,3.3322248083699213,184.1528891353628,247.26714145247604,174,80.36689121572012,Critical
2025-03-19 00:20:41,LoanProcessing,75.90788510053284,1054.5851120320904,138.90209462952865,2922,1.9830905187729353,279.080686447103,196.55193740795463,149,27.700384596044866,Normal
2025-03-19 00:19:41,LoanProcessing,47.45752108991604,7765.729613135872,1993.9254512041175,4245,0.20815357509965327,472.26217618727463,237.68960089138866,96,51.822318262390134,Critical
2025-03-19 00:18:41,TradingSystem,13.95398185343307,6023.741330902319,364.32109493037757,4753,8.644450165437972,264.4519265483523,201.17759600387075,162,52.57695547086252,Critical
2025-03-19 00:17:41,CustomerSupport,17.313351551347402,4796.542154092715,1835.468541276796,3410,3.3405409096914083,481.7643833652226,196.04931200226014,16,46.93703953868852,Warning
2025-03-19 00:16:41,LoanProcessing,38.08553238008859,4224.25911189354,775.584100322184,3713,6.579498771707102,360.1041082048057,99.86183079967066,46,67.0569635688165,Normal
2025-03-19 00:15:41,CustomerSupport,11.426733020889497,2995.5579064075064,651.9602638789672,3482,3.013500349696984,129.58874884948997,161.17049430500515,401,19.812027950223904,Critical
2025-03-19 00:14:41,CustomerSupport,36.0510689833192,5867.8833124243,1651.4673999222252,3980,0.5148025368558506,387.3366562128708,192.45691162911947,412,55.157941441099275,Critical
2025-03-19 00:13:41,TradingSystem,82.10232715707366,3903.4090148451605,1445.1640679330567,2684,8.720521000419847,337.40299778223743,206.37766026840407,211,55.00186733557896,Warning
2025-03-19 00:12:41,BankingApp,27.39494700106021,2756.7442364793656,1237.4894249169224,4830,4.496644197076397,118.33998427816519,22.70054092277924,482,49.66586686199468,Critical
2025-03-19 00:11:41,CustomerSupport,46.961987776962474,3786.895526255154,933.5579331683829,3903,4.5416578018945275,247.66138352817015,8.878853264088026,42,86.76316550399467,Warning
2025-03-19 00:10:41,BankingApp,51.31370391211472,5624.1726607295,1202.5839768573205,2915,9.05378076119964,74.66055812809232,75.76383473055702,167,6.073397674566781,Warning
2025-03-19 00:09:41,CustomerSupport,82.17874100514872,4647.515007305749,834.4337475656571,4299,1.4139898360454706,81.52999009723548,204.4569422856255,472,56.490591524645545,Critical
2025-03-19 00:08:41,BankingApp,33.359757135168586,1877.9929160396032,1086.8682035426684,1703,2.6403966710556426,246.25350281458492,298.2344294396277,314,26.96219688959868,Warning
2025-03-19 00:07:41,LoanProcessing,63.74825328696707,4997.298295139644,1823.183237051434,194,4.970120514125861,330.92567448836627,194.58622340415218,292,82.9333611877939,Critical
2025-03-19 00:06:41,TradingSystem,61.95941204562381,1297.736722903972,182.17087291292052,4725,6.62864744880454,90.3380305763565,31.275067997404875,316,14.371878416236958,Normal
2025-03-19 00:05:41,LoanProcessing,11.320663437917977,3219.9196283145266,431.9634465823333,4678,4.191718180817453,421.52337458124475,298.2879815249617,122,90.20076530237216,Normal
2025-03-19 00:04:41,TradingSystem,10.13492757335996,3123.555034855986,698.0580769639622,3760,8.704278402339348,47.272920183157105,274.8148525572168,357,14.426555602078064,Warning
2025-03-19 00:03:41,InsurancePortal,81.2432914845851,700.780457964903,316.51441243748377,4226,6.880502082541673,65.82955547044966,54.22998357296044,469,23.141367610911377,Normal
2025-03-19 00:02:41,LoanProcessing,62.25276297661527,5521.446650925054,1805.4240606086507,2232,1.8958666626391496,368.99220736022505,90.54913759242444,201,56.12176370169091,Warning
2025-03-19 00:01:41,BankingApp,65.82988203440249,1785.6368491469887,777.3631270368168,4097,0.7761579751181646,32.35171596944541,179.34312109210023,153,21.750439515231925,Critical
2025-03-19 00:00:41,LoanProcessing,29.996270592158893,7242.370607130177,956.0132894436864,1149,8.324210589877826,490.59652294028734,129.495680370683,385,43.31494088975537,Normal
2025-03-18 23:59:41,TradingSystem,28.39547975745664,5863.29003870907,850.6764326372702,2963,1.5161869491157487,381.6224413974675,218.20362577005116,463,39.5533019957425,Warning
2025-03-18 23:58:41,BankingApp,65.82119804071407,4904.632032914997,705.5196025599814,2407,7.114543436310123,379.7759332688477,150.63544605173863,141,78.58395277405491,Normal
2025-03-18 23:57:41,LoanProcessing,51.69943003625035,4262.160402303791,351.22877991569044,2949,1.416844143151753,356.8675000971397,197.39086809555562,197,6.132377227157106,Normal
